"Player","Squad","Nation","Pos","Pos2","Age","Progression_Carries","Progression_Passes_Delivered","Progression_Passes_Recived","Total_Passes_Completed","Total_Passes_Attempted","Total_Pass_Percentage","Short_Passes_Completed","Short_Passes_Attempted","Short_Pass_Percentage","Long_Passes_Completed","Long_Passes_Attempted","Long_Pass_Percentage","Medium_Passes_Completed","Medium_Passes_Attempted","Medium_Pass_Percentage","Key_Passes","Passes_Into_Penalty_Area","Crosses_Into_Penalty_Area","Live_Pass","Dead_Pass","Free_Kicks","Through_Balls","Switches","Crosses","Throw_Ins","Corner_Kicks","Offside","Touches","Take_Ons_Attempted","Take_Ons_Wins","Take_On_Win_Percentage","Take_Ons_Tackled","Take_Ons_Tackled_Percentage"
"Aarón Martín","Celta Vigo","ESP","DF",NA,23,32,42,86,675,866,77.9,373,407,91.6,35,93,37.6,245,319,76.8,6,7,3,701,163,24,0,2,54,138,1,2,1015,25,17,68,8,32
"Abdoulay Diaby","Getafe","MLI","DF",NA,29,2,0,4,5,10,50,5,6,83.3,0,2,0,0,1,0,1,0,0,10,0,0,0,0,2,0,0,0,17,1,0,0,1,100
"Adnan Januzaj","Real Sociedad","BEL","FW","MF",25,45,67,116,397,567,70,208,239,87,48,107,44.9,123,160,76.9,23,34,4,483,78,18,2,10,73,12,46,6,718,67,45,67.2,22,32.8
"Adrián López","Osasuna","ESP","FW","MF",32,12,23,43,137,191,71.7,86,107,80.4,5,9,55.6,39,54,72.2,4,6,1,187,3,0,0,0,5,1,0,1,257,21,9,42.9,12,57.1
"Adrián Marín","Alavés","ESP","DF","MF",23,1,6,6,38,55,69.1,21,24,87.5,2,8,25,15,19,78.9,1,1,1,101,27,2,0,0,5,25,0,2,162,3,3,100,0,0
"Adrián Marín","Alavés","ESP","DF","MF",23,1,6,6,38,55,69.1,21,24,87.5,2,8,25,15,19,78.9,1,1,1,101,27,2,0,0,5,25,0,2,69,1,0,0,1,100
"Adrián Marín","Granada","ESP","DF","MF",23,5,17,2,85,130,65.4,36,46,78.3,7,19,36.8,39,55,70.9,1,1,1,44,10,1,0,0,1,9,0,1,162,3,3,100,0,0
"Adrián Marín","Granada","ESP","DF","MF",23,5,17,2,85,130,65.4,36,46,78.3,7,19,36.8,39,55,70.9,1,1,1,44,10,1,0,0,1,9,0,1,69,1,0,0,1,100
"Adrián Marín","Granada","ESP","DF","MF",23,5,17,2,85,130,65.4,36,46,78.3,7,19,36.8,39,55,70.9,1,1,1,101,27,2,0,0,5,25,0,2,162,3,3,100,0,0
"Adrián Marín","Granada","ESP","DF","MF",23,5,17,2,85,130,65.4,36,46,78.3,7,19,36.8,39,55,70.9,1,1,1,101,27,2,0,0,5,25,0,2,69,1,0,0,1,100
"Adrián Marín","Granada","ESP","DF","MF",23,5,17,2,38,55,69.1,21,24,87.5,2,8,25,15,19,78.9,1,1,1,101,27,2,0,0,5,25,0,2,162,3,3,100,0,0
"Adrián Marín","Granada","ESP","DF","MF",23,5,17,2,38,55,69.1,21,24,87.5,2,8,25,15,19,78.9,1,1,1,101,27,2,0,0,5,25,0,2,69,1,0,0,1,100
"Adrián Marín","Alavés","ESP","DF","MF",23,1,6,6,38,55,69.1,21,24,87.5,2,8,25,15,19,78.9,1,1,1,44,10,1,0,0,1,9,0,1,162,3,3,100,0,0
"Adrián Marín","Alavés","ESP","DF","MF",23,1,6,6,38,55,69.1,21,24,87.5,2,8,25,15,19,78.9,1,1,1,44,10,1,0,0,1,9,0,1,69,1,0,0,1,100
"Adrián Marín","Alavés","ESP","DF","MF",23,1,6,6,85,130,65.4,36,46,78.3,7,19,36.8,39,55,70.9,1,1,1,44,10,1,0,0,1,9,0,1,162,3,3,100,0,0
"Adrián Marín","Alavés","ESP","DF","MF",23,1,6,6,85,130,65.4,36,46,78.3,7,19,36.8,39,55,70.9,1,1,1,44,10,1,0,0,1,9,0,1,69,1,0,0,1,100
"Adrián Marín","Alavés","ESP","DF","MF",23,1,6,6,85,130,65.4,36,46,78.3,7,19,36.8,39,55,70.9,1,1,1,101,27,2,0,0,5,25,0,2,162,3,3,100,0,0
"Adrián Marín","Alavés","ESP","DF","MF",23,1,6,6,85,130,65.4,36,46,78.3,7,19,36.8,39,55,70.9,1,1,1,101,27,2,0,0,5,25,0,2,69,1,0,0,1,100
"Adrián Marín","Granada","ESP","DF","MF",23,5,17,2,38,55,69.1,21,24,87.5,2,8,25,15,19,78.9,1,1,1,44,10,1,0,0,1,9,0,1,162,3,3,100,0,0
"Adrián Marín","Granada","ESP","DF","MF",23,5,17,2,38,55,69.1,21,24,87.5,2,8,25,15,19,78.9,1,1,1,44,10,1,0,0,1,9,0,1,69,1,0,0,1,100
"Aihen Muñoz","Real Sociedad","ESP","DF",NA,22,30,41,59,505,747,67.6,222,257,86.4,58,142,40.8,213,296,72,6,11,8,563,183,9,0,1,55,174,0,1,855,17,10,58.8,7,41.2
"Aïssa Mandi","Betis","ALG","DF",NA,28,5,62,3,1387,1526,90.9,450,484,93,173,228,75.9,748,785,95.3,4,1,0,1459,66,61,0,9,1,3,0,1,1734,2,2,100,0,0
"Aitor Fernández","Levante","ESP","GK",NA,29,0,0,0,709,928,76.4,166,168,98.8,191,400,47.8,335,342,98,0,0,0,655,272,65,0,2,0,1,0,1,990,1,0,0,1,100
"Aitor Ruibal","Betis","ESP","FW","MF",24,40,54,148,411,556,73.9,271,305,88.9,21,38,55.3,91,131,69.5,24,20,3,543,10,1,0,2,18,9,0,3,776,60,37,61.7,23,38.3
"Alberto Moreno","Villarreal","ESP","DF",NA,28,10,9,16,85,101,84.2,40,43,93,7,11,63.6,32,35,91.4,0,2,0,87,13,1,0,1,6,12,0,1,121,6,4,66.7,2,33.3
"Alberto Perea","Cádiz","ESP","MF",NA,29,61,51,74,379,525,72.2,217,252,86.1,32,65,49.2,112,152,73.7,13,11,7,493,31,8,2,7,57,15,8,1,755,96,63,65.6,33,34.4
"Alberto Soro","Granada","ESP","FW","MF",21,6,15,24,92,129,71.3,57,66,86.4,6,15,40,24,33,72.7,6,4,1,120,9,6,0,0,12,0,3,0,166,5,2,40,3,60
"Aleix García","Eibar","ESP","MF",NA,23,4,26,8,227,279,81.4,94,107,87.9,39,61,63.9,80,91,87.9,12,3,1,251,26,6,0,9,26,1,19,2,307,2,1,50,1,50
"Aleix Vidal","Sevilla","ESP","DF",NA,30,14,45,74,423,505,83.8,228,249,91.6,39,56,69.6,141,166,84.9,6,9,2,434,70,11,0,7,16,59,0,1,559,9,4,44.4,5,55.6
"Alejandro Blanco","Valencia","ESP","MF",NA,21,17,2,44,101,140,72.1,63,80,78.8,1,4,25,31,38,81.6,8,1,1,136,4,0,0,0,10,4,0,0,224,12,4,33.3,8,66.7
"Alejandro Pozo Pozo","Eibar","ESP","DF","MF",21,37,75,80,829,1161,71.4,406,473,85.8,106,225,47.1,294,396,74.2,12,19,12,959,200,14,0,7,89,186,0,2,1370,27,14,51.9,13,48.1
"Alex Baena","Villarreal","ESP","MF",NA,19,5,5,12,43,56,76.8,22,24,91.7,0,2,0,20,25,80,2,1,0,52,3,3,0,0,4,0,0,1,74,4,2,50,2,50
"Álex Berenguer","Athletic Club","ESP","MF","FW",25,64,85,201,601,917,65.5,363,434,83.6,35,124,28.2,163,246,66.3,38,40,10,789,121,25,0,3,147,10,86,7,1276,73,35,47.9,38,52.1
"Álex Cantero","Levante","ESP","FW",NA,20,5,4,13,25,38,65.8,20,25,80,0,1,0,4,6,66.7,3,2,0,37,1,0,0,0,1,0,0,0,62,6,4,66.7,2,33.3
"Álex Fernández","Cádiz","ESP","MF",NA,27,26,104,43,692,936,73.9,307,353,87,86,183,47,271,332,81.6,23,13,5,760,171,74,0,14,123,13,75,5,1086,22,15,68.2,7,31.8
"Álex Moreno","Betis","ESP","DF",NA,27,61,65,84,897,1163,77.1,508,572,88.8,51,132,38.6,302,374,80.7,17,16,7,974,184,14,1,5,42,170,0,5,1398,43,26,60.5,17,39.5
"Álex Remiro","Real Sociedad","ESP","GK",NA,25,0,1,0,872,1219,71.5,141,142,99.3,315,651,48.4,414,420,98.6,0,0,0,871,344,127,0,2,0,0,0,4,1273,1,1,100,0,0
"Alexander Isak","Real Sociedad","SWE","FW",NA,20,44,44,153,319,451,70.7,175,225,77.8,17,31,54.8,106,133,79.7,10,17,0,399,49,1,5,0,18,1,0,3,704,67,38,56.7,29,43.3
"Alfonso Espino","Cádiz","URU","DF",NA,28,31,63,59,650,1043,62.3,265,331,80.1,75,210,35.7,288,417,69.1,15,13,11,772,262,23,0,15,80,239,0,9,1363,28,16,57.1,12,42.9
"Alfonso Pedraza","Villarreal","ESP","DF",NA,24,88,47,237,942,1226,76.8,544,620,87.7,34,84,40.5,331,404,81.9,27,31,23,1024,198,13,0,2,106,185,0,4,1504,43,23,53.5,20,46.5
"Allan Nyom","Getafe","CMR","MF","DF",32,35,59,66,577,903,63.9,301,385,78.2,52,157,33.1,208,295,70.5,17,22,20,737,162,5,0,7,94,156,1,4,1124,24,11,45.8,13,54.2
"Álvaro Giménez","Cádiz","ESP","FW",NA,29,2,9,20,52,98,53.1,36,58,62.1,2,4,50,14,23,60.9,2,2,0,93,4,0,0,1,0,0,0,1,142,5,0,0,5,100
"Álvaro Negredo","Cádiz","ESP","FW",NA,34,18,44,69,322,578,55.7,170,268,63.4,26,58,44.8,95,158,60.1,20,14,0,512,60,1,5,10,10,2,0,6,798,39,29,74.4,10,25.6
"Álvaro Odriozola","Real Madrid","ESP","DF",NA,24,30,14,64,398,466,85.4,226,240,94.2,19,32,59.4,138,166,83.1,8,12,8,386,80,4,0,2,39,76,0,0,549,18,8,44.4,10,55.6
"Álvaro Tejero","Eibar","ESP","DF",NA,24,2,10,15,76,99,76.8,39,42,92.9,10,17,58.8,27,36,75,3,5,3,78,21,1,0,0,13,20,0,0,116,2,1,50,1,50
"Anaitz Arbilla","Eibar","ESP","DF",NA,33,37,173,19,1459,1932,75.5,482,547,88.1,300,543,55.2,656,790,83,10,17,8,1652,278,88,0,82,43,190,0,2,2222,30,25,83.3,5,16.7
"Ander Barrenetxea","Real Sociedad","ESP","MF","FW",18,37,37,106,291,413,70.5,152,188,80.9,14,33,42.4,113,150,75.3,15,15,4,399,13,3,2,2,34,9,1,1,612,67,39,58.2,28,41.8
"Ander Capa","Athletic Club","ESP","DF",NA,28,66,80,100,900,1199,75.1,466,537,86.8,54,127,42.5,354,447,79.2,16,14,5,887,308,28,0,2,60,280,0,4,1426,55,29,52.7,26,47.3
"Ander Guevara","Real Sociedad","ESP","MF",NA,23,31,140,21,1175,1423,82.6,537,621,86.5,123,167,73.7,483,562,85.9,14,9,1,1394,26,24,1,7,3,2,0,3,1614,16,14,87.5,2,12.5
"Andoni Gorosabel","Real Sociedad","ESP","DF",NA,23,55,107,127,1143,1448,78.9,659,741,88.9,68,136,50,362,459,78.9,23,41,13,1145,295,29,1,0,74,265,1,8,1704,22,9,40.9,13,59.1
"Andrés Fernández","Huesca","ESP","GK",NA,33,0,0,0,395,574,68.8,72,72,100,119,286,41.6,201,205,98,0,0,0,400,167,47,1,3,0,0,0,7,602,3,3,100,0,0
"Andrés Guardado","Betis","MEX","MF",NA,33,26,88,27,654,787,83.1,290,324,89.5,76,116,65.5,267,301,88.7,8,10,1,772,14,9,1,17,7,4,1,1,901,16,13,81.3,3,18.8
"Ángel Correa","Atlético Madrid","ARG","FW","MF",25,64,84,186,690,898,76.8,407,480,84.8,28,56,50,168,222,75.7,38,32,2,859,31,4,5,3,35,0,9,8,1218,90,53,58.9,37,41.1
"Ángel Montoro","Granada","ESP","MF",NA,32,1,91,22,515,733,70.3,195,226,86.3,105,194,54.1,203,257,79,22,20,8,610,111,65,3,28,77,3,32,12,844,6,4,66.7,2,33.3
"Ángel Rodríguez","Getafe","ESP","FW","MF",33,23,15,94,198,301,65.8,114,150,76,15,27,55.6,49,77,63.6,6,3,1,288,10,0,2,2,17,3,0,3,478,26,11,42.3,15,57.7
"Ansu Fati","Barcelona","ESP","FW",NA,17,32,12,60,168,202,83.2,105,118,89,1,1,100,28,36,77.8,9,6,0,194,8,0,3,0,4,1,4,0,270,23,11,47.8,12,52.2
"Ante Budimir","Osasuna","CRO","FW",NA,29,14,29,103,238,399,59.6,162,239,67.8,4,12,33.3,53,84,63.1,9,3,0,368,28,1,0,1,2,3,0,3,617,26,13,50,13,50
"Anthony Lozano","Cádiz","HON","FW",NA,27,33,39,72,158,273,57.9,97,130,74.6,6,17,35.3,39,72,54.2,11,10,2,261,9,0,1,1,22,2,0,3,462,44,28,63.6,16,36.4
"Antoine Griezmann","Barcelona","FRA","FW","MF",29,41,104,224,1168,1352,86.4,720,791,91,64,77,83.1,287,327,87.8,42,31,3,1296,52,10,3,7,22,10,14,4,1585,37,26,70.3,11,29.7
"Antonio Barragán","Elche","ESP","DF",NA,33,34,69,63,1091,1326,82.3,522,562,92.9,117,190,61.6,422,508,83.1,10,14,9,1115,206,47,0,12,53,159,0,5,1527,16,11,68.8,5,31.3
"Antonio Puertas","Granada","ESP","FW","MF",28,49,47,140,418,652,64.1,254,323,78.6,25,69,36.2,105,168,62.5,17,13,4,597,49,3,2,2,53,42,1,6,929,66,43,65.2,23,34.8
"Antonio Sanabria","Betis","PAR","FW",NA,24,14,14,37,159,224,71,108,135,80,5,10,50,31,47,66,3,2,0,202,20,0,0,4,4,0,0,2,326,19,11,57.9,8,42.1
"Aridane Hernández","Osasuna","ESP","DF",NA,31,3,43,0,568,724,78.5,156,193,80.8,110,170,64.7,291,332,87.7,5,2,0,687,34,30,0,11,0,4,0,3,971,6,5,83.3,1,16.7
"Aritz Arambarri","Real Sociedad","ESP","DF",NA,22,0,2,0,13,19,68.4,4,6,66.7,2,4,50,7,8,87.5,0,0,0,15,4,0,0,0,0,4,0,0,23,1,0,0,1,100
"Aritz Elustondo","Real Sociedad","ESP","DF",NA,26,27,112,12,1058,1245,85,369,410,90,108,183,59,568,625,90.9,3,5,1,1191,53,37,2,12,5,16,0,1,1401,8,4,50,4,50
"Asier Villalibre","Athletic Club","ESP","FW",NA,22,25,24,107,181,298,60.7,115,172,66.9,8,14,57.1,46,74,62.2,13,9,1,286,10,2,0,0,15,0,0,2,431,9,3,33.3,6,66.7
"Augusto Fernández","Cádiz","ARG","MF",NA,34,2,17,3,91,119,76.5,38,50,76,7,13,53.8,42,48,87.5,0,1,0,117,2,2,0,4,1,0,0,0,160,3,2,66.7,1,33.3
"Augusto Solari","Celta Vigo","ARG","MF",NA,28,6,15,29,148,201,73.6,83,105,79,14,23,60.9,42,57,73.7,10,7,6,192,8,0,0,3,17,5,3,1,286,12,7,58.3,5,41.7
"Bobby Adekanye","Cádiz","NED","FW","MF",21,4,0,4,7,10,70,5,5,100,0,1,0,1,3,33.3,0,0,0,10,0,0,0,0,2,0,0,0,18,1,1,100,0,0
"Borja García","Huesca","ESP","MF","FW",29,23,61,53,480,561,85.6,262,285,91.9,39,51,76.5,146,170,85.9,20,12,1,539,16,5,1,6,12,0,1,6,667,26,21,80.8,5,19.2
"Borja Iglesias","Betis","ESP","FW",NA,27,7,12,72,193,276,69.9,112,146,76.7,17,21,81,42,59,71.2,6,5,2,249,26,0,0,0,4,0,1,1,422,21,10,47.6,11,52.4
"Borja Sainz","Alavés","ESP","MF","FW",19,14,4,36,81,105,77.1,47,54,87,8,11,72.7,25,32,78.1,3,3,2,102,3,0,0,1,11,3,0,0,187,26,10,38.5,17,65.4
"Brais Méndez","Celta Vigo","ESP","MF","FW",23,37,118,144,919,1193,77,551,652,84.5,59,94,62.8,250,323,77.4,18,28,3,1152,39,16,6,13,33,13,7,2,1561,41,12,29.3,29,70.7
"Bruno González","Valladolid","ESP","DF",NA,30,5,31,2,602,798,75.4,184,223,82.5,84,171,49.1,322,380,84.7,1,0,0,750,47,47,0,10,1,0,0,1,1026,4,3,75,1,25
"Bryan Gil","Sevilla","ESP","FW",NA,19,1,0,3,682,1007,67.7,415,484,85.7,45,142,31.7,191,280,68.2,49,48,18,906,99,23,0,8,192,23,53,2,1318,121,67,55.4,54,44.6
"Bryan Gil","Eibar","ESP","MF","FW",19,123,79,217,682,1007,67.7,415,484,85.7,45,142,31.7,191,280,68.2,49,48,18,906,99,23,0,8,192,23,53,2,1318,121,67,55.4,54,44.6
"Bryan Gil","Eibar","ESP","MF","FW",19,123,79,217,682,1007,67.7,415,484,85.7,45,142,31.7,191,280,68.2,49,48,18,7,0,0,0,0,1,0,0,0,1318,121,67,55.4,54,44.6
"Bryan Gil","Sevilla","ESP","FW",NA,19,1,0,3,682,1007,67.7,415,484,85.7,45,142,31.7,191,280,68.2,49,48,18,7,0,0,0,0,1,0,0,0,1318,121,67,55.4,54,44.6
"Cala","Cádiz","ESP","DF",NA,30,3,47,2,523,750,69.7,126,158,79.7,120,231,51.9,272,342,79.5,3,1,0,696,52,51,0,28,0,1,0,2,971,4,4,100,0,0
"Carles Aleñá","Getafe","ESP","MF","FW",22,20,77,51,36,39,92.3,17,19,89.5,6,6,100,11,12,91.7,0,0,0,39,0,0,0,0,0,0,0,0,719,36,23,63.9,13,36.1
"Carles Aleñá","Getafe","ESP","MF","FW",22,20,77,51,390,591,66,185,218,84.9,51,124,41.1,142,200,71,25,24,4,510,74,37,1,7,60,4,32,7,719,36,23,63.9,13,36.1
"Carles Aleñá","Barcelona","ESP","MF",NA,22,1,7,1,36,39,92.3,17,19,89.5,6,6,100,11,12,91.7,0,0,0,510,74,37,1,7,60,4,32,7,719,36,23,63.9,13,36.1
"Carles Aleñá","Barcelona","ESP","MF",NA,22,1,7,1,390,591,66,185,218,84.9,51,124,41.1,142,200,71,25,24,4,39,0,0,0,0,0,0,0,0,719,36,23,63.9,13,36.1
"Carles Aleñá","Barcelona","ESP","MF",NA,22,1,7,1,390,591,66,185,218,84.9,51,124,41.1,142,200,71,25,24,4,510,74,37,1,7,60,4,32,7,719,36,23,63.9,13,36.1
"Carles Aleñá","Getafe","ESP","MF","FW",22,20,77,51,390,591,66,185,218,84.9,51,124,41.1,142,200,71,25,24,4,39,0,0,0,0,0,0,0,0,719,36,23,63.9,13,36.1
"Carles Aleñá","Getafe","ESP","MF","FW",22,20,77,51,36,39,92.3,17,19,89.5,6,6,100,11,12,91.7,0,0,0,510,74,37,1,7,60,4,32,7,719,36,23,63.9,13,36.1
"Carles Aleñá","Barcelona","ESP","MF",NA,22,1,7,1,36,39,92.3,17,19,89.5,6,6,100,11,12,91.7,0,0,0,39,0,0,0,0,0,0,0,0,719,36,23,63.9,13,36.1
"Carlos Akapo","Cádiz","EQG","DF",NA,27,12,15,15,229,356,64.3,100,126,79.4,17,54,31.5,104,156,66.7,2,4,3,245,109,7,0,0,18,102,0,2,468,10,6,60,4,40
"Carlos Bacca","Villarreal","COL","FW",NA,33,11,14,52,105,168,62.5,62,89,69.7,6,14,42.9,23,37,62.2,5,5,0,153,14,0,2,2,7,1,0,1,244,14,5,35.7,9,64.3
"Carlos Clerc","Levante","ESP","DF",NA,28,87,147,196,1304,1725,75.6,757,839,90.2,82,216,38,433,554,78.2,22,38,13,1416,301,35,1,10,120,262,4,8,1982,55,36,65.5,18,32.7
"Carlos Fernández","Real Sociedad","ESP","FW","MF",24,3,10,33,74,115,64.3,44,63,69.8,3,6,50,21,30,70,6,3,0,113,1,0,2,0,3,0,0,1,53,3,2,66.7,1,33.3
"Carlos Fernández","Real Sociedad","ESP","FW","MF",24,3,10,33,74,115,64.3,44,63,69.8,3,6,50,21,30,70,6,3,0,113,1,0,2,0,3,0,0,1,175,10,4,40,6,60
"Carlos Fernández","Sevilla","ESP","FW",NA,24,3,3,10,74,115,64.3,44,63,69.8,3,6,50,21,30,70,6,3,0,37,1,0,0,0,0,0,0,0,53,3,2,66.7,1,33.3
"Carlos Fernández","Sevilla","ESP","FW",NA,24,3,3,10,74,115,64.3,44,63,69.8,3,6,50,21,30,70,6,3,0,37,1,0,0,0,0,0,0,0,175,10,4,40,6,60
"Carlos Fernández","Sevilla","ESP","FW",NA,24,3,3,10,74,115,64.3,44,63,69.8,3,6,50,21,30,70,6,3,0,113,1,0,2,0,3,0,0,1,53,3,2,66.7,1,33.3
"Carlos Fernández","Sevilla","ESP","FW",NA,24,3,3,10,74,115,64.3,44,63,69.8,3,6,50,21,30,70,6,3,0,113,1,0,2,0,3,0,0,1,175,10,4,40,6,60
"Carlos Fernández","Real Sociedad","ESP","FW","MF",24,3,10,33,74,115,64.3,44,63,69.8,3,6,50,21,30,70,6,3,0,37,1,0,0,0,0,0,0,0,53,3,2,66.7,1,33.3
"Carlos Fernández","Real Sociedad","ESP","FW","MF",24,3,10,33,74,115,64.3,44,63,69.8,3,6,50,21,30,70,6,3,0,37,1,0,0,0,0,0,0,0,175,10,4,40,6,60
"Carlos Neva","Granada","ESP","DF",NA,24,17,34,54,421,627,67.1,227,262,86.6,26,75,34.7,155,234,66.2,6,7,6,417,210,5,0,0,49,205,0,0,802,7,5,71.4,2,28.6
"Carlos Soler","Valencia","ESP","MF",NA,23,46,153,30,1272,1579,80.6,555,594,93.4,165,309,53.4,495,565,87.6,45,21,0,1358,204,88,2,16,126,5,111,17,1833,39,25,64.1,14,35.9
"Casemiro","Real Madrid","BRA","MF",NA,28,20,135,45,1630,1969,82.8,723,817,88.5,202,299,67.6,633,707,89.5,25,22,2,1914,46,41,1,32,23,5,0,9,2369,23,13,56.5,10,43.5
"Cheick Doukouré","Levante","CIV","MF","FW",27,0,3,2,36,43,83.7,16,17,94.1,2,2,100,16,20,80,1,1,0,42,1,1,0,0,0,0,0,0,57,1,1,100,0,0
"Christian Oliva","Valencia","URU","MF",NA,24,3,8,1,85,104,81.7,40,48,83.3,7,13,53.8,33,34,97.1,2,1,1,100,3,3,0,1,1,0,0,1,122,3,3,100,0,0
"Cifu","Elche","ESP","DF",NA,29,9,10,16,158,217,72.8,85,98,86.7,8,13,61.5,53,72,73.6,0,1,1,171,44,2,0,1,10,42,0,2,274,7,2,28.6,5,71.4
"Claudio Bravo","Betis","CHI","GK",NA,37,0,1,0,422,648,65.1,78,78,100,162,385,42.1,175,177,98.9,3,0,0,442,205,76,0,3,0,0,0,1,699,3,3,100,0,0
"Clément Lenglet","Barcelona","FRA","DF",NA,25,33,181,9,2130,2320,91.8,981,1019,96.3,159,224,71,943,1001,94.2,9,19,0,2255,61,49,1,17,5,11,0,4,2524,11,8,72.7,3,27.3
"Coke","Levante","ESP","DF",NA,33,10,39,23,363,457,79.4,178,209,85.2,41,64,64.1,138,164,84.1,5,11,2,395,62,8,0,3,13,54,0,0,566,7,4,57.1,3,42.9
"Cristian Tello","Betis","ESP","FW","MF",28,51,42,98,388,504,77,222,255,87.1,24,43,55.8,125,158,79.1,20,22,5,486,16,5,2,3,29,4,7,2,649,35,23,65.7,12,34.3
"Cristiano Piccini","Valencia","ITA","DF",NA,27,0,2,7,22,30,73.3,7,7,100,3,8,37.5,12,14,85.7,0,0,0,26,4,1,0,2,4,3,0,0,40,1,0,0,1,100
"Cucho","Getafe","COL","FW","MF",21,51,40,98,337,515,65.4,203,268,75.7,26,47,55.3,84,128,65.6,20,17,4,502,11,2,1,4,41,6,2,2,712,43,30,69.8,13,30.2
"Damian Kądzior","Eibar","POL","FW","MF",28,1,6,16,44,76,57.9,29,34,85.3,4,19,21.1,8,16,50,1,1,1,58,17,6,0,1,27,1,10,1,91,4,3,75,1,25
"Damián Suárez","Getafe","URU","DF",NA,32,28,135,53,863,1343,64.3,392,493,79.5,113,268,42.2,333,487,68.4,19,24,15,938,395,80,1,33,91,309,6,10,1578,39,22,56.4,17,43.6
"Dani Calvo","Elche","ESP","DF",NA,26,2,31,2,637,776,82.1,221,242,91.3,68,141,48.2,334,367,91,0,0,0,746,28,26,0,12,1,2,0,2,924,3,2,66.7,1,33.3
"Dani Carvajal","Real Madrid","ESP","DF",NA,28,21,48,62,673,810,83.1,328,362,90.6,67,95,70.5,260,297,87.5,9,13,6,686,120,13,0,8,31,107,0,4,942,14,8,57.1,6,42.9
"Dani Escriche","Huesca","ESP","FW","MF",22,28,27,48,194,271,71.6,119,140,85,4,14,28.6,59,82,72,8,2,0,263,7,0,1,1,8,2,1,1,400,42,16,38.1,26,61.9
"Dani García","Athletic Club","ESP","MF",NA,30,14,108,12,865,1039,83.3,308,359,85.8,117,162,72.2,414,468,88.5,8,5,1,1007,29,25,0,18,6,4,0,3,1198,6,6,100,0,0
"Dani Gómez","Levante","ESP","FW",NA,22,42,33,133,252,336,75,148,174,85.1,11,18,61.1,70,89,78.7,11,10,1,317,18,1,1,0,15,1,0,1,519,59,33,55.9,26,44.1
"Dani Raba","Villarreal","ESP","MF","FW",24,8,10,9,63,84,75,33,38,86.8,6,16,37.5,18,23,78.3,2,4,1,75,9,3,0,1,7,2,3,0,107,5,4,80,1,20
"Daniel Parejo","Villarreal","ESP","MF",NA,31,53,320,41,2454,2794,87.8,1201,1282,93.7,304,426,71.4,892,967,92.2,43,41,6,2543,242,143,2,27,112,5,94,9,3037,49,37,75.5,12,24.5
"Daniel Wass","Valencia","DEN","MF","DF",31,37,122,89,1237,1626,76.1,628,714,88,103,215,47.9,463,581,79.7,38,21,6,1446,174,54,1,15,67,108,10,6,1936,17,9,52.9,8,47.1
"Darko Brašanac","Osasuna","SRB","MF",NA,28,22,40,46,215,310,69.4,121,149,81.2,6,15,40,74,103,71.8,5,7,2,296,13,4,0,0,11,2,0,1,390,6,4,66.7,2,33.3
"Darwin Machís","Granada","VEN","FW","MF",27,68,37,119,327,552,59.2,182,228,79.8,40,112,35.7,93,154,60.4,25,14,10,490,58,24,0,6,108,4,29,4,835,82,45,54.9,37,45.1
"David Ferreiro","Huesca","ESP","MF","FW",32,68,113,182,701,1090,64.3,316,384,82.3,114,257,44.4,254,372,68.3,73,46,27,910,169,68,0,19,245,11,88,11,1325,64,44,68.8,20,31.3
"David García","Osasuna","ESP","DF",NA,26,4,124,2,988,1380,71.6,299,392,76.3,163,320,50.9,515,636,81,5,1,0,1322,52,49,0,21,1,3,0,6,1733,2,2,100,0,0
"David Silva","Real Sociedad","ESP","MF",NA,34,52,141,76,720,866,83.1,385,433,88.9,72,87,82.8,234,276,84.8,28,46,1,820,35,24,7,3,18,3,6,11,1009,47,31,66,16,34
"David Timor","Getafe","ESP","MF","DF",30,7,70,4,393,633,62.1,149,196,76,92,193,47.7,135,209,64.6,12,3,2,559,72,54,0,46,33,4,12,2,745,3,2,66.7,1,33.3
"Denis Cheryshev","Valencia","RUS","MF",NA,29,37,37,95,195,330,59.1,97,133,72.9,16,45,35.6,77,113,68.1,16,13,4,320,7,1,0,3,50,5,1,3,464,20,8,40,12,60
"Denis Suárez","Celta Vigo","ESP","MF",NA,26,82,204,87,1650,2037,81,848,952,89.1,135,239,56.5,575,680,84.6,46,31,5,1825,207,83,7,22,119,11,70,5,2317,58,36,62.1,22,37.9
"Denis Vavro","Huesca","SVK","DF",NA,24,5,23,2,244,324,75.3,87,95,91.6,35,76,46.1,117,140,83.6,1,1,0,306,15,13,0,9,3,2,0,3,379,1,0,0,1,100
"Deyverson","Alavés","BRA","FW",NA,29,5,27,48,150,299,50.2,76,137,55.5,21,46,45.7,46,87,52.9,10,7,2,287,10,0,1,5,8,0,0,2,434,18,9,50,9,50
"Diego Carlos","Sevilla","BRA","DF",NA,27,5,53,2,1690,1887,89.6,498,526,94.7,259,370,70,903,949,95.2,8,2,0,1846,36,32,0,31,2,1,0,5,2136,8,8,100,0,0
"Diego Costa","Atlético Madrid","ESP","FW",NA,31,3,6,21,57,74,77,37,45,82.2,4,4,100,10,13,76.9,4,6,0,74,0,0,0,1,2,0,0,0,94,1,1,100,0,0
"Diego González","Elche","ESP","DF",NA,25,7,36,1,660,744,88.7,213,226,94.2,77,119,64.7,362,381,95,1,1,0,721,21,21,0,2,0,0,0,2,867,7,7,100,0,0
"Diego Lainez","Betis","MEX","FW","MF",20,49,36,80,272,357,76.2,175,197,88.8,10,25,40,69,86,80.2,13,12,4,348,6,2,0,1,21,1,3,3,479,48,30,62.5,18,37.5
"Dimitri Foulquier","Granada","FRA","DF",NA,27,49,63,68,817,1130,72.3,436,509,85.7,60,147,40.8,296,393,75.3,10,11,4,789,339,13,0,5,54,326,0,2,1407,49,27,55.1,22,44.9
"Dimitris Siovas","Huesca","GRE","DF",NA,31,22,69,7,1508,1873,80.5,459,533,86.1,162,330,49.1,868,966,89.9,6,0,0,1780,84,75,0,13,7,5,0,9,2216,10,9,90,1,10
"Djené","Getafe","TOG","DF",NA,28,11,71,11,757,1042,72.6,240,294,81.6,109,207,52.7,397,501,79.2,6,3,1,965,74,51,0,5,10,23,0,3,1321,15,13,86.7,2,13.3
"Domingos Duarte","Granada","POR","DF",NA,25,17,79,3,742,964,77,231,263,87.8,115,226,50.9,385,443,86.9,6,4,1,915,46,40,0,8,1,6,0,3,1165,2,2,100,0,0
"Domingos Quina","Granada","POR","MF",NA,20,5,10,14,68,91,74.7,38,46,82.6,6,6,100,19,27,70.4,5,4,0,88,3,3,0,1,2,0,0,0,138,7,6,85.7,1,14.3
"Eden Hazard","Real Madrid","BEL","FW","MF",29,25,20,71,298,340,87.6,203,224,90.6,13,14,92.9,61,66,92.4,6,6,0,332,7,3,1,3,3,1,2,1,393,22,14,63.6,8,36.4
"Éder Militão","Real Madrid","BRA","DF",NA,22,13,24,5,714,791,90.3,230,240,95.8,106,140,75.7,368,391,94.1,0,1,1,768,21,12,0,13,2,9,0,2,917,2,2,100,0,0
"Édgar Méndez","Alavés","ESP","MF","FW",30,47,23,115,259,475,54.5,136,201,67.7,28,72,38.9,89,156,57.1,18,15,9,437,32,2,0,6,62,21,1,6,743,39,18,46.2,21,53.8
"Edu Expósito","Eibar","ESP","MF",NA,23,45,169,81,853,1162,73.4,347,436,79.6,112,203,55.2,349,430,81.2,43,22,3,1092,61,20,2,9,84,4,35,9,1440,56,41,73.2,15,26.8
"Eliaquim Mangala","Valencia","FRA","DF",NA,29,0,3,0,75,108,69.4,27,33,81.8,4,11,36.4,43,57,75.4,0,0,0,103,5,5,0,0,0,0,0,0,142,1,1,100,0,0
"Emerson","Betis","BRA","DF",NA,21,91,132,186,1533,1936,79.2,886,998,88.8,83,180,46.1,490,588,83.3,33,38,18,1573,357,46,0,4,90,311,0,6,2362,47,24,51.1,23,48.9
"Emiliano Rigoni","Elche","ARG","MF",NA,27,25,22,64,298,414,72,178,205,86.8,17,67,25.4,80,105,76.2,11,5,3,352,61,16,1,5,66,9,35,1,542,31,14,45.2,17,54.8
"Emre Mor","Celta Vigo","TUR","FW","MF",23,9,7,21,85,116,73.3,47,60,78.3,6,10,60,22,27,81.5,3,2,0,106,10,3,0,0,5,2,2,0,183,25,16,64,9,36
"Enes Ünal","Getafe","TUR","FW",NA,23,14,28,70,204,348,58.6,131,197,66.5,9,13,69.2,40,77,51.9,14,4,0,333,13,1,0,1,4,3,0,2,562,36,17,47.2,19,52.8
"Enis Bardhi","Levante","MKD","MF",NA,25,44,117,117,656,888,73.9,303,342,88.6,83,155,53.5,236,306,77.1,21,27,10,787,89,31,2,13,65,10,47,12,1098,57,35,61.4,22,38.6
"Enric Gallego","Osasuna","ESP","FW",NA,33,5,31,46,146,258,56.6,97,147,66,5,16,31.3,36,64,56.3,7,5,0,250,8,0,0,0,10,0,0,0,370,13,6,46.2,7,53.8
"Erick Cabaco","Getafe","URU","DF",NA,25,6,44,1,301,489,61.6,72,102,70.6,86,178,48.3,139,185,75.1,0,1,0,430,57,40,0,28,3,17,0,2,609,2,0,0,2,100
"Esteban Burgos","Eibar","ARG","DF",NA,28,4,25,0,417,558,74.7,93,116,80.2,126,184,68.5,194,242,80.2,2,0,0,534,21,20,0,13,0,1,0,3,677,1,1,100,0,0
"Étienne Capoue","Villarreal","FRA","MF",NA,32,10,58,4,686,764,89.8,335,353,94.9,47,68,69.1,280,306,91.5,3,8,0,745,17,16,1,6,0,1,0,2,872,18,12,66.7,6,33.3
"Ezequiel Ávila","Osasuna","ARG","FW","MF",26,1,6,9,31,54,57.4,12,20,60,4,8,50,13,19,68.4,0,3,0,53,1,0,0,3,2,0,0,0,76,2,0,0,2,100
"Fabián Orellana","Valladolid","CHI","MF","FW",34,67,77,148,572,796,71.9,294,351,83.8,65,125,52,186,247,75.3,32,31,12,698,93,29,1,16,95,20,30,5,1064,70,29,41.4,41,58.6
"Facundo Ferreyra","Celta Vigo","ARG","FW",NA,29,1,2,10,33,50,66,22,30,73.3,3,3,100,4,7,57.1,0,0,0,46,4,0,0,0,1,1,0,0,86,1,0,0,1,100
"Facundo Pellistri","Alavés","URU","MF","FW",18,21,8,32,73,120,60.8,54,75,72,1,1,100,14,29,48.3,2,3,1,119,1,0,0,0,13,1,0,0,176,23,15,65.2,8,34.8
"Facundo Roncaglia","Osasuna","ARG","DF",NA,33,12,33,24,385,561,68.6,160,192,83.3,60,120,50,161,224,71.9,5,5,3,435,122,18,0,5,21,104,0,4,681,8,6,75,2,25
"Fali","Cádiz","ESP","DF","MF",26,10,68,12,505,731,69.1,157,192,81.8,105,228,46.1,232,289,80.3,8,9,3,671,58,51,2,9,19,6,0,2,995,5,4,80,1,20
"Fede San Emeterio","Valladolid","ESP","MF",NA,23,0,34,0,426,544,78.3,217,259,83.8,37,69,53.6,147,173,85,4,2,1,539,4,3,0,7,2,1,0,1,690,3,3,100,0,0
"Fede Vico","Granada","ESP","MF","FW",26,28,29,46,213,323,65.9,128,159,80.5,18,59,30.5,54,82,65.9,8,8,2,289,33,14,0,1,39,3,13,1,419,21,12,57.1,9,42.9
"Federico Valverde","Real Madrid","URU","MF",NA,22,41,96,54,673,777,86.6,347,375,92.5,70,87,80.5,211,244,86.5,22,11,2,763,11,0,1,11,20,11,0,3,904,28,23,82.1,5,17.9
"Felipe","Atlético Madrid","BRA","DF",NA,31,5,36,3,889,1054,84.3,336,377,89.1,87,138,63,438,498,88,4,0,0,1017,33,29,0,6,1,4,0,4,1301,3,3,100,0,0
"Ferland Mendy","Real Madrid","FRA","DF",NA,25,87,97,149,1302,1466,88.8,781,820,95.2,68,92,73.9,386,443,87.1,18,24,4,1292,171,9,0,10,35,162,0,3,1688,60,44,73.3,16,26.7
"Fernando","Sevilla","BRA","MF",NA,33,17,112,22,1423,1591,89.4,596,645,92.4,128,168,76.2,652,702,92.9,19,9,1,1525,60,51,3,25,1,9,0,6,1837,19,11,57.9,8,42.1
"Fernando Niño","Villarreal","ESP","FW",NA,19,9,9,43,94,129,72.9,59,73,80.8,4,7,57.1,22,26,84.6,3,4,0,116,13,1,1,1,1,0,0,0,187,11,8,72.7,3,27.3
"Fidel","Elche","ESP","MF","DF",30,82,97,123,892,1237,72.1,476,552,86.2,109,204,53.4,265,378,70.1,46,24,13,1027,204,56,0,20,165,89,59,6,1510,88,51,58,37,42
"Filip Malbašić","Cádiz","SRB","FW","MF",27,19,18,41,90,170,52.9,40,64,62.5,7,21,33.3,33,57,57.9,4,4,2,164,5,0,0,0,20,1,1,1,273,13,7,53.8,6,46.2
"Florian Lejeune","Alavés","FRA","DF",NA,29,5,66,5,1130,1477,76.5,350,421,83.1,192,357,53.8,582,668,87.1,7,2,0,1395,78,75,0,41,7,3,0,4,1820,13,10,76.9,3,23.1
"Fran Beltrán","Celta Vigo","ESP","MF","FW",21,8,55,21,697,773,90.2,317,347,91.4,69,80,86.3,284,303,93.7,4,9,1,753,20,14,0,4,6,2,3,0,921,11,9,81.8,2,18.2
"Francis Coquelin","Villarreal","FRA","MF",NA,29,10,31,20,447,506,88.3,252,276,91.3,26,31,83.9,150,161,93.2,4,3,0,497,7,5,0,3,1,2,0,2,586,15,12,80,3,20
"Francisco Portillo","Getafe","ESP","MF","FW",30,8,35,29,196,272,72.1,107,125,85.6,10,24,41.7,70,87,80.5,5,8,2,255,13,6,0,1,19,6,0,4,312,16,6,37.5,10,62.5
"Francisco Trincão","Barcelona","POR","FW","MF",20,22,28,92,327,391,83.6,203,221,91.9,7,15,46.7,79,90,87.8,8,8,1,378,12,2,0,1,13,5,5,1,487,45,27,60,18,40
"Franco Vázquez","Sevilla","ARG","FW","MF",31,0,13,13,94,107,87.9,47,51,92.2,9,12,75,29,32,90.6,2,2,0,105,1,0,0,0,3,1,0,1,133,3,2,66.7,1,33.3
"Frenkie de Jong","Barcelona","NED","MF","DF",23,95,238,129,2575,2821,91.3,1377,1462,94.2,131,156,84,943,1002,94.1,49,30,0,2759,48,32,2,9,7,15,1,14,3052,67,58,86.6,9,13.4
"Gabriel Paulista","Valencia","BRA","DF",NA,29,9,81,4,1332,1516,87.9,397,434,91.5,192,265,72.5,734,781,94,6,2,1,1420,92,82,0,23,1,10,0,4,1804,6,5,83.3,1,16.7
"Geoffrey Kondogbia","Atlético Madrid","CTA","MF",NA,27,14,37,4,329,389,84.6,158,178,88.8,34,46,73.9,118,133,88.7,4,5,0,180,9,8,0,8,1,1,0,3,241,13,11,84.6,2,15.4
"Geoffrey Kondogbia","Atlético Madrid","CTA","MF",NA,27,14,37,4,329,389,84.6,158,178,88.8,34,46,73.9,118,133,88.7,4,5,0,180,9,8,0,8,1,1,0,3,466,12,10,83.3,2,16.7
"Geoffrey Kondogbia","Atlético Madrid","CTA","MF",NA,27,14,37,4,161,192,83.9,57,61,93.4,35,46,76.1,64,70,91.4,0,0,0,180,9,8,0,8,1,1,0,3,241,13,11,84.6,2,15.4
"Geoffrey Kondogbia","Atlético Madrid","CTA","MF",NA,27,14,37,4,161,192,83.9,57,61,93.4,35,46,76.1,64,70,91.4,0,0,0,180,9,8,0,8,1,1,0,3,466,12,10,83.3,2,16.7
"Geoffrey Kondogbia","Valencia","CTA","MF",NA,27,5,18,1,161,192,83.9,57,61,93.4,35,46,76.1,64,70,91.4,0,0,0,382,5,5,1,5,1,0,0,2,241,13,11,84.6,2,15.4
"Geoffrey Kondogbia","Valencia","CTA","MF",NA,27,5,18,1,161,192,83.9,57,61,93.4,35,46,76.1,64,70,91.4,0,0,0,382,5,5,1,5,1,0,0,2,466,12,10,83.3,2,16.7
"Geoffrey Kondogbia","Atlético Madrid","CTA","MF",NA,27,14,37,4,329,389,84.6,158,178,88.8,34,46,73.9,118,133,88.7,4,5,0,382,5,5,1,5,1,0,0,2,241,13,11,84.6,2,15.4
"Geoffrey Kondogbia","Atlético Madrid","CTA","MF",NA,27,14,37,4,329,389,84.6,158,178,88.8,34,46,73.9,118,133,88.7,4,5,0,382,5,5,1,5,1,0,0,2,466,12,10,83.3,2,16.7
"Geoffrey Kondogbia","Atlético Madrid","CTA","MF",NA,27,14,37,4,161,192,83.9,57,61,93.4,35,46,76.1,64,70,91.4,0,0,0,382,5,5,1,5,1,0,0,2,241,13,11,84.6,2,15.4
"Geoffrey Kondogbia","Atlético Madrid","CTA","MF",NA,27,14,37,4,161,192,83.9,57,61,93.4,35,46,76.1,64,70,91.4,0,0,0,382,5,5,1,5,1,0,0,2,466,12,10,83.3,2,16.7
"Geoffrey Kondogbia","Valencia","CTA","MF",NA,27,5,18,1,329,389,84.6,158,178,88.8,34,46,73.9,118,133,88.7,4,5,0,180,9,8,0,8,1,1,0,3,241,13,11,84.6,2,15.4
"Geoffrey Kondogbia","Valencia","CTA","MF",NA,27,5,18,1,329,389,84.6,158,178,88.8,34,46,73.9,118,133,88.7,4,5,0,180,9,8,0,8,1,1,0,3,466,12,10,83.3,2,16.7
"Geoffrey Kondogbia","Valencia","CTA","MF",NA,27,5,18,1,161,192,83.9,57,61,93.4,35,46,76.1,64,70,91.4,0,0,0,180,9,8,0,8,1,1,0,3,241,13,11,84.6,2,15.4
"Geoffrey Kondogbia","Valencia","CTA","MF",NA,27,5,18,1,161,192,83.9,57,61,93.4,35,46,76.1,64,70,91.4,0,0,0,180,9,8,0,8,1,1,0,3,466,12,10,83.3,2,16.7
"Geoffrey Kondogbia","Valencia","CTA","MF",NA,27,5,18,1,329,389,84.6,158,178,88.8,34,46,73.9,118,133,88.7,4,5,0,382,5,5,1,5,1,0,0,2,241,13,11,84.6,2,15.4
"Geoffrey Kondogbia","Valencia","CTA","MF",NA,27,5,18,1,329,389,84.6,158,178,88.8,34,46,73.9,118,133,88.7,4,5,0,382,5,5,1,5,1,0,0,2,466,12,10,83.3,2,16.7
"Gerard Moreno","Villarreal","ESP","FW",NA,28,49,132,233,757,1112,68.1,380,486,78.2,93,151,61.6,250,337,74.2,44,43,10,1075,23,1,19,14,35,7,0,14,1490,114,71,62.3,43,37.7
"Gerard Piqué","Barcelona","ESP","DF",NA,33,9,67,3,1170,1246,93.9,381,404,94.3,97,117,82.9,669,689,97.1,2,1,0,1208,35,29,0,7,0,5,0,3,1370,2,2,100,0,0
"Germán Sánchez","Granada","ESP","DF",NA,33,5,45,5,717,977,73.4,210,249,84.3,100,232,43.1,396,468,84.6,1,2,0,923,52,48,2,10,1,4,0,2,1237,1,1,100,0,0
"Gonçalo Guedes","Valencia","POR","MF","FW",23,111,115,154,571,801,71.3,312,377,82.8,55,93,59.1,185,244,75.8,34,50,8,761,32,8,5,21,48,6,8,8,1068,97,66,68,31,32
"Gonzalo Melero","Levante","ESP","MF","FW",26,32,112,56,920,1044,88.1,521,566,92,47,55,85.5,323,362,89.2,21,8,0,1016,26,13,1,4,3,7,0,2,1229,23,14,60.9,9,39.1
"Gonzalo Verdú","Elche","ESP","DF",NA,31,10,63,1,1335,1592,83.9,420,447,94,204,355,57.5,701,764,91.8,6,5,0,1500,87,81,1,12,3,1,0,5,1872,12,11,91.7,1,8.3
"Guido Carrillo","Elche","ARG","FW",NA,29,9,31,30,216,305,70.8,127,160,79.4,12,18,66.7,54,81,66.7,8,2,0,295,9,0,0,2,4,0,0,1,417,13,8,61.5,5,38.5
"Guido Rodríguez","Betis","ARG","MF",NA,26,14,127,12,1378,1645,83.8,624,708,88.1,156,224,69.6,553,621,89,11,7,0,1584,58,49,1,21,2,9,0,3,2017,43,35,81.4,8,18.6
"Guillem Molina","Valencia","ESP","DF",NA,20,0,2,0,56,69,81.2,27,36,75,1,3,33.3,28,29,96.6,0,0,0,54,15,2,0,1,0,13,0,0,85,4,3,75,1,25
"Héctor Herrera","Atlético Madrid","MEX","MF",NA,30,4,48,7,594,666,89.2,310,329,94.2,52,68,76.5,202,226,89.4,6,9,0,634,30,25,1,5,5,4,1,2,735,6,4,66.7,2,33.3
"Helibelton Palacios","Elche","COL","DF",NA,27,8,21,11,247,329,75.1,128,139,92.1,23,57,40.4,93,119,78.2,3,6,6,249,78,3,0,1,14,75,0,2,406,9,6,66.7,3,33.3
"Hugo Guillamón","Valencia","ESP","DF",NA,20,18,93,1,1035,1184,87.4,303,330,91.8,144,207,69.6,575,620,92.7,1,4,0,1111,71,66,0,24,1,5,0,2,1396,2,1,50,1,50
"Hugo Mallo","Celta Vigo","ESP","DF",NA,29,55,112,153,1315,1752,75.1,732,848,86.3,83,204,40.7,458,603,76,17,23,9,1400,346,40,0,9,89,306,0,6,2057,29,17,58.6,12,41.4
"Iago Aspas","Celta Vigo","ESP","FW",NA,32,93,144,269,983,1275,77.1,560,681,82.2,66,87,75.9,267,328,81.4,62,53,5,1209,55,19,9,11,28,12,2,11,1559,85,60,70.6,25,29.4
"Ibai Gómez","Athletic Club","ESP","MF",NA,30,1,20,28,109,159,68.6,63,76,82.9,9,30,30,31,44,70.5,7,3,2,140,18,8,0,2,25,2,8,1,195,5,4,80,1,20
"Idrissa Doumbia","Huesca","CIV","MF",NA,22,8,31,4,382,415,92,188,198,94.9,26,32,81.3,162,173,93.6,2,0,0,412,3,3,1,2,0,0,0,0,481,13,12,92.3,1,7.7
"Iglesias","Getafe","ESP","DF","MF",22,5,13,14,111,216,51.4,51,70,72.9,17,55,30.9,38,74,51.4,4,5,3,167,48,3,0,2,18,45,0,1,317,10,5,50,5,50
"Igor Zubeldia","Real Sociedad","ESP","DF",NA,23,17,75,3,1060,1223,86.7,311,354,87.9,121,181,66.9,618,661,93.5,5,4,2,1187,36,20,0,7,6,16,0,0,1372,9,7,77.8,2,22.2
"Iker Muniain","Athletic Club","ESP","MF","FW",27,72,164,133,850,1042,81.6,455,498,91.4,67,119,56.3,277,331,83.7,35,36,4,912,122,35,4,2,64,24,42,8,1220,61,41,67.2,20,32.8
"Ilaix Moriba","Barcelona","GUI","MF",NA,17,16,25,20,339,373,90.9,207,220,94.1,9,12,75,96,102,94.1,7,4,0,362,9,9,0,2,1,0,0,2,449,19,17,89.5,2,10.5
"Iñaki Williams","Athletic Club","GHA","FW",NA,26,73,34,233,375,575,65.2,220,289,76.1,22,36,61.1,100,147,68,30,17,9,546,23,1,1,5,46,7,0,6,837,59,33,55.9,26,44.1
"Iñigo Córdoba","Athletic Club","ESP","FW","MF",23,1,2,7,46,80,57.5,22,30,73.3,6,16,37.5,15,22,68.2,3,3,1,32,1,0,0,0,2,0,0,0,47,3,2,66.7,1,33.3
"Iñigo Córdoba","Athletic Club","ESP","FW","MF",23,1,2,7,46,80,57.5,22,30,73.3,6,16,37.5,15,22,68.2,3,3,1,32,1,0,0,0,2,0,0,0,108,4,4,100,0,0
"Iñigo Córdoba","Athletic Club","ESP","FW","MF",23,1,2,7,15,33,45.5,10,17,58.8,0,3,0,4,10,40,0,1,0,75,4,1,0,0,12,0,3,1,47,3,2,66.7,1,33.3
"Iñigo Córdoba","Athletic Club","ESP","FW","MF",23,1,2,7,15,33,45.5,10,17,58.8,0,3,0,4,10,40,0,1,0,75,4,1,0,0,12,0,3,1,108,4,4,100,0,0
"Iñigo Córdoba","Athletic Club","ESP","FW","MF",23,1,2,7,46,80,57.5,22,30,73.3,6,16,37.5,15,22,68.2,3,3,1,75,4,1,0,0,12,0,3,1,47,3,2,66.7,1,33.3
"Iñigo Córdoba","Athletic Club","ESP","FW","MF",23,1,2,7,46,80,57.5,22,30,73.3,6,16,37.5,15,22,68.2,3,3,1,75,4,1,0,0,12,0,3,1,108,4,4,100,0,0
"Iñigo Córdoba","Alavés","ESP","MF",NA,23,2,7,15,15,33,45.5,10,17,58.8,0,3,0,4,10,40,0,1,0,32,1,0,0,0,2,0,0,0,47,3,2,66.7,1,33.3
"Iñigo Córdoba","Alavés","ESP","MF",NA,23,2,7,15,15,33,45.5,10,17,58.8,0,3,0,4,10,40,0,1,0,32,1,0,0,0,2,0,0,0,108,4,4,100,0,0
"Iñigo Córdoba","Alavés","ESP","MF",NA,23,2,7,15,15,33,45.5,10,17,58.8,0,3,0,4,10,40,0,1,0,75,4,1,0,0,12,0,3,1,47,3,2,66.7,1,33.3
"Iñigo Córdoba","Alavés","ESP","MF",NA,23,2,7,15,15,33,45.5,10,17,58.8,0,3,0,4,10,40,0,1,0,75,4,1,0,0,12,0,3,1,108,4,4,100,0,0
"Iñigo Córdoba","Alavés","ESP","MF",NA,23,2,7,15,46,80,57.5,22,30,73.3,6,16,37.5,15,22,68.2,3,3,1,32,1,0,0,0,2,0,0,0,47,3,2,66.7,1,33.3
"Iñigo Córdoba","Alavés","ESP","MF",NA,23,2,7,15,46,80,57.5,22,30,73.3,6,16,37.5,15,22,68.2,3,3,1,32,1,0,0,0,2,0,0,0,108,4,4,100,0,0
"Iñigo Córdoba","Alavés","ESP","MF",NA,23,2,7,15,46,80,57.5,22,30,73.3,6,16,37.5,15,22,68.2,3,3,1,75,4,1,0,0,12,0,3,1,47,3,2,66.7,1,33.3
"Iñigo Córdoba","Alavés","ESP","MF",NA,23,2,7,15,46,80,57.5,22,30,73.3,6,16,37.5,15,22,68.2,3,3,1,75,4,1,0,0,12,0,3,1,108,4,4,100,0,0
"Iñigo Córdoba","Athletic Club","ESP","FW","MF",23,1,2,7,15,33,45.5,10,17,58.8,0,3,0,4,10,40,0,1,0,32,1,0,0,0,2,0,0,0,47,3,2,66.7,1,33.3
"Iñigo Córdoba","Athletic Club","ESP","FW","MF",23,1,2,7,15,33,45.5,10,17,58.8,0,3,0,4,10,40,0,1,0,32,1,0,0,0,2,0,0,0,108,4,4,100,0,0
"Iñigo Lekue","Athletic Club","ESP","DF",NA,27,23,27,33,327,417,78.4,192,211,91,30,56,53.6,99,130,76.2,6,7,4,330,87,6,0,3,34,78,3,0,500,22,13,59.1,9,40.9
"Iñigo Martínez","Athletic Club","ESP","DF",NA,29,31,125,7,1208,1472,82.1,350,384,91.1,216,342,63.2,624,694,89.9,6,5,0,1377,88,79,1,37,10,9,0,7,1686,9,7,77.8,2,22.2
"Iñigo Pérez","Osasuna","ESP","MF","DF",32,6,76,34,460,666,69.1,231,277,83.4,52,110,47.3,163,235,69.4,14,7,3,551,114,37,0,10,43,61,16,1,753,3,2,66.7,1,33.3
"Iñigo Vicente","Athletic Club","ESP","FW","MF",22,2,10,8,43,60,71.7,21,25,84,4,9,44.4,18,23,78.3,4,4,2,56,3,0,0,0,9,3,0,1,62,4,3,75,1,25
"Isaac Carcelen","Cádiz","ESP","DF",NA,27,31,92,43,769,1112,69.2,346,421,82.2,81,193,42,319,432,73.8,13,9,6,798,309,46,0,9,82,245,18,5,1422,40,34,85,6,15
"Isco","Real Madrid","ESP","MF",NA,28,36,109,52,632,734,86.1,346,363,95.3,50,76,65.8,200,231,86.6,19,16,0,678,46,19,0,4,30,10,17,10,838,44,31,70.5,13,29.5
"Iván Alejo","Cádiz","ESP","MF","FW",25,46,13,79,127,229,55.5,74,97,76.3,7,35,20,39,61,63.9,10,13,10,217,12,1,0,0,63,7,3,0,348,25,13,52,12,48
"Iván Marcone","Elche","ARG","MF",NA,30,15,103,11,1319,1521,86.7,547,606,90.3,152,203,74.9,581,636,91.4,10,5,1,1471,46,45,0,16,4,0,0,4,1735,17,13,76.5,4,23.5
"Ivan Rakitić","Sevilla","CRO","MF",NA,32,34,167,55,1480,1717,86.2,722,778,92.8,167,247,67.6,543,600,90.5,25,10,1,1633,79,54,4,48,23,12,9,5,1958,28,11,39.3,17,60.7
"Ivan Šaponjić","Cádiz","SRB","FW",NA,22,3,6,12,59,82,72,38,50,76,2,2,100,16,23,69.6,0,2,0,74,8,0,0,0,1,0,0,0,126,7,5,71.4,2,28.6
"Jaime Mata","Getafe","ESP","FW",NA,31,14,32,134,389,598,65.1,256,356,71.9,16,37,43.2,81,117,69.2,15,10,3,571,25,0,0,2,35,9,0,2,799,18,4,22.2,14,77.8
"Jaime Seoane","Huesca","ESP","MF",NA,23,42,87,47,663,877,75.6,292,342,85.4,90,153,58.8,243,288,84.4,11,9,5,851,22,16,0,22,27,1,4,4,1087,35,20,57.1,15,42.9
"Jairo Izquierdo","Cádiz","ESP","MF","DF",26,33,28,57,327,456,71.7,185,220,84.1,23,51,45.1,103,138,74.6,7,7,5,406,49,2,1,2,40,42,5,1,569,23,14,60.9,9,39.1
"Jan Oblak","Atlético Madrid","SVN","GK",NA,27,0,0,0,642,1005,63.9,87,87,100,322,679,47.4,230,233,98.7,0,0,0,612,391,98,0,1,0,0,0,2,1071,1,1,100,0,0
"Jason","Valencia","ESP","MF","DF",26,17,13,23,87,139,62.6,42,59,71.2,7,18,38.9,29,45,64.4,7,5,3,127,9,2,1,2,15,7,0,3,215,20,8,40,12,60
"Jaume Costa","Villarreal","ESP","DF","MF",32,9,13,20,202,244,82.8,117,128,91.4,12,22,54.5,69,86,80.2,5,6,1,193,51,5,1,2,7,45,1,0,288,6,3,50,3,50
"Jaume Doménech","Valencia","ESP","GK",NA,29,0,0,0,612,894,68.5,111,113,98.2,293,566,51.8,201,203,99,0,0,0,552,337,94,0,1,0,0,0,5,975,1,1,100,0,0
"Javi Galán","Huesca","ESP","DF",NA,25,94,100,167,1399,1806,77.5,747,835,89.5,122,255,47.8,485,607,79.9,42,47,34,1404,394,40,0,23,156,331,23,8,2219,151,121,80.1,30,19.9
"Javi López","Alavés","ESP","DF","MF",18,6,7,8,109,146,74.7,57,66,86.4,13,22,59.1,35,47,74.5,3,5,3,115,31,1,0,0,17,30,0,0,173,8,4,50,4,50
"Javi Martínez","Osasuna","ESP","MF","FW",20,4,11,19,104,157,66.2,61,83,73.5,8,14,57.1,30,46,65.2,6,5,1,154,2,0,0,1,7,0,0,1,211,8,6,75,2,25
"Javi Sánchez","Valladolid","ESP","DF",NA,23,9,16,1,294,370,79.5,75,91,82.4,45,86,52.3,172,189,91,4,3,1,351,17,17,0,11,1,0,0,2,466,3,3,100,0,0
"Javier Ontiveros","Huesca","ESP","FW","MF",22,56,42,73,355,467,76,213,248,85.9,29,61,47.5,94,125,75.2,18,11,3,435,31,12,3,11,32,6,13,1,610,61,35,57.4,26,42.6
"Jawad El Yamiq","Valladolid","MAR","DF",NA,28,6,41,3,494,636,77.7,162,184,88,73,137,53.3,246,286,86,2,1,0,593,40,36,0,13,1,4,0,3,835,3,2,66.7,1,33.3
"Jeison Murillo","Celta Vigo","COL","DF",NA,28,4,53,2,1438,1633,88.1,394,435,90.6,186,264,70.5,843,907,92.9,3,1,0,1583,49,43,0,7,0,6,0,1,1890,3,2,66.7,1,33.3
"Jens Jønsson","Cádiz","DEN","MF",NA,27,12,58,13,526,696,75.6,253,324,78.1,44,68,64.7,201,256,78.5,12,6,0,679,14,13,1,4,3,1,0,3,972,21,15,71.4,6,28.6
"Jeremías Ledesma","Cádiz","ARG","GK",NA,27,0,1,0,480,1007,47.7,34,35,97.1,374,884,42.3,69,80,86.3,0,0,0,543,462,165,0,3,0,0,0,2,1108,2,1,50,1,50
"Jesús Navas","Sevilla","ESP","DF",NA,34,108,152,278,1668,2113,78.9,884,967,91.4,160,282,56.7,572,728,78.6,64,80,46,1783,321,28,1,23,171,291,2,9,2325,30,23,76.7,7,23.3
"Jesús Vallejo","Granada","ESP","DF",NA,23,8,37,4,375,521,72,101,127,79.5,76,151,50.3,193,217,88.9,1,3,1,488,29,17,1,12,4,12,0,4,645,5,4,80,1,20
"Joan Jordán","Sevilla","ESP","MF",NA,26,40,178,59,1771,2034,87.1,802,883,90.8,252,326,77.3,643,705,91.2,38,34,13,1911,120,79,4,56,50,8,31,3,2256,42,30,71.4,12,28.6
"João Félix","Atlético Madrid","POR","FW","MF",20,49,73,94,567,689,82.3,357,397,89.9,36,51,70.6,108,136,79.4,21,16,0,667,17,4,8,5,11,6,1,5,865,60,30,50,30,50
"Joaquín","Betis","ESP","FW","MF",39,46,77,121,606,759,79.8,353,389,90.7,38,83,45.8,174,210,82.9,32,24,9,671,86,26,1,5,66,16,42,2,868,29,20,69,9,31
"Joaquín Fernández","Valladolid","ESP","DF",NA,24,0,42,2,615,778,79,196,223,87.9,106,177,59.9,307,362,84.8,2,2,0,751,27,26,0,8,1,1,0,0,1022,1,1,100,0,0
"Joaquín Muñoz","Huesca","ESP","FW",NA,21,2,2,6,10,17,58.8,7,9,77.8,0,1,0,1,1,100,1,0,0,12,4,0,0,0,1,4,0,1,30,4,2,50,2,50
"Johan Mojica","Elche","COL","DF",NA,27,26,35,47,504,711,70.9,251,287,87.5,57,130,43.8,183,242,75.6,10,13,10,591,118,13,0,2,61,105,0,2,846,28,13,46.4,15,53.6
"Jon Ander Garrido","Cádiz","ESP","MF",NA,30,0,22,3,180,230,78.3,78,96,81.3,17,21,81,74,92,80.4,2,1,1,223,7,7,0,0,2,0,0,0,317,3,2,66.7,1,33.3
"Jon Bautista","Real Sociedad","ESP","FW",NA,25,5,3,26,56,92,60.9,25,43,58.1,2,3,66.7,21,29,72.4,6,1,1,87,5,0,0,0,4,0,0,0,147,6,4,66.7,2,33.3
"Jon Guridi","Real Sociedad","ESP","MF",NA,25,20,31,35,289,362,79.8,169,198,85.4,20,26,76.9,93,112,83,4,7,0,353,5,5,2,1,1,0,0,4,455,20,12,60,8,40
"Jon Moncayola","Osasuna","ESP","MF",NA,22,27,111,45,934,1165,80.2,372,438,84.9,148,209,70.8,391,461,84.8,18,16,3,1142,23,16,0,24,29,6,0,0,1440,15,8,53.3,7,46.7
"Jon Morcillo","Athletic Club","ESP","MF","FW",21,54,51,142,316,526,60.1,164,206,79.6,37,103,35.9,102,168,60.7,24,15,8,461,63,19,0,2,138,3,41,2,665,25,13,52,12,48
"Jon Pacheco","Real Sociedad","ESP","DF",NA,19,0,6,0,46,50,92,22,22,100,3,6,50,21,21,100,0,0,0,50,0,0,0,0,0,0,0,0,51,1,1,100,0,0
"Jonás Ramalho","Osasuna","ESP","DF",NA,27,4,9,4,99,132,75,48,54,88.9,11,26,42.3,38,48,79.2,1,3,2,96,35,3,0,1,4,32,0,1,158,4,3,75,1,25
"Jonathan Calleri","Osasuna","ARG","FW",NA,26,20,31,97,211,354,59.6,139,196,70.9,3,20,15,57,91,62.6,10,10,0,322,30,0,0,1,9,0,0,2,570,40,17,42.5,22,55
"Jony","Osasuna","ESP","MF","FW",29,24,48,84,223,392,56.9,105,138,76.1,41,89,46.1,73,126,57.9,19,33,15,348,43,7,1,7,83,25,10,1,510,41,17,41.5,24,58.5
"Jony Álamo","Elche","ESP","MF",NA,18,1,1,1,14,16,87.5,5,6,83.3,1,1,100,7,8,87.5,0,0,0,16,0,0,0,0,0,0,0,0,25,4,4,100,0,0
"Jordan Holsgrove","Celta Vigo","SCO","MF",NA,20,1,3,4,90,104,86.5,59,61,96.7,5,12,41.7,22,25,88,1,0,0,100,4,4,0,0,3,0,0,0,121,2,1,50,1,50
"Jordi Alba","Barcelona","ESP","DF","FW",31,48,197,354,2479,2929,84.6,1520,1643,92.5,117,192,60.9,728,867,84,52,76,16,2647,276,38,0,14,119,235,3,6,3199,32,17,53.1,15,46.9
"Jorge de Frutos","Levante","ESP","MF",NA,23,72,74,204,481,728,66.1,257,315,81.6,45,99,45.5,156,233,67,40,23,9,656,67,6,2,5,109,27,34,5,1032,93,46,49.5,47,50.5
"Jorge Miramón","Levante","ESP","DF",NA,31,48,83,93,807,1055,76.5,408,459,88.9,65,144,45.1,326,407,80.1,16,32,12,861,192,6,0,6,70,186,0,2,1241,23,16,69.6,7,30.4
"Jorge Molina","Granada","ESP","FW",NA,38,7,56,95,289,476,60.7,173,245,70.6,18,29,62.1,71,121,58.7,21,19,0,433,37,1,2,5,4,2,0,6,623,11,5,45.5,6,54.5
"Jorge Pombo","Cádiz","ESP","FW","MF",26,18,27,28,135,182,74.2,68,79,86.1,12,32,37.5,49,60,81.7,7,7,2,167,15,6,0,3,17,0,7,0,268,25,15,60,10,40
"Jorge Pulido","Huesca","ESP","DF",NA,29,39,99,19,1358,1637,83,453,504,89.9,151,273,55.3,741,816,90.8,5,8,2,1559,75,53,0,10,13,21,0,3,1908,10,6,60,4,40
"Josan","Elche","ESP","MF","DF",30,65,40,92,600,805,74.5,338,385,87.8,46,101,45.5,179,231,77.5,16,13,10,699,101,11,0,4,102,75,15,5,1022,75,40,53.3,35,46.7
"José Ángel","Eibar","ESP","DF",NA,30,14,55,24,510,692,73.7,226,260,86.9,80,143,55.9,187,245,76.3,9,13,7,552,135,19,0,9,59,115,1,5,775,8,8,100,0,0
"José Campaña","Levante","ESP","MF",NA,27,26,74,48,398,517,77,194,222,87.4,41,72,56.9,144,176,81.8,14,20,4,454,58,21,1,5,45,4,33,5,614,40,23,57.5,17,42.5
"José Fontán","Celta Vigo","ESP","DF",NA,20,12,27,11,285,351,81.2,115,128,89.8,20,44,45.5,137,154,89,0,1,0,325,25,3,0,5,9,22,0,1,434,6,5,83.3,1,16.7
"José Luis Gayà","Valencia","ESP","DF",NA,25,62,119,201,1172,1511,77.6,557,620,89.8,115,237,48.5,476,575,82.8,36,40,13,1256,251,43,0,17,130,207,1,4,1796,50,33,66,17,34
"José Luis Morales","Levante","ESP","MF","FW",33,78,75,190,495,734,67.4,247,304,81.3,59,115,51.3,161,231,69.7,34,27,7,673,57,14,3,10,95,11,28,4,987,73,31,42.5,42,57.5
"José Mari","Cádiz","ESP","MF",NA,32,8,38,10,321,471,68.2,119,158,75.3,62,114,54.4,125,163,76.7,8,1,0,441,27,23,2,14,10,0,3,3,646,25,16,64,9,36
"José María Giménez","Atlético Madrid","URU","DF",NA,25,11,59,4,974,1128,86.3,348,378,92.1,127,197,64.5,481,518,92.9,4,2,0,1065,58,37,0,16,1,20,0,5,1284,2,1,50,1,50
"Joseba Zaldúa","Real Sociedad","ESP","DF",NA,28,12,13,44,307,395,77.7,162,182,89,23,41,56.1,115,154,74.7,7,11,8,301,94,7,0,1,26,87,0,0,456,7,1,14.3,6,85.7
"Joselu","Alavés","ESP","FW",NA,30,25,99,137,600,1050,57.1,353,541,65.2,46,95,48.4,164,296,55.4,30,19,5,1024,18,0,0,14,26,3,1,8,1449,55,28,50.9,27,49.1
"Josema","Elche","ESP","DF",NA,24,29,48,30,781,1014,77,364,405,89.9,73,158,46.2,324,407,79.6,6,8,5,881,133,28,0,17,33,105,0,0,1238,10,9,90,1,10
"Joseph Aidoo","Celta Vigo","GHA","DF",NA,24,11,43,1,511,629,81.2,164,183,89.6,56,95,58.9,285,324,88,2,2,0,608,16,15,0,2,1,1,0,5,816,3,2,66.7,1,33.3
"Jota","Alavés","ESP","MF",NA,29,28,55,39,352,498,70.7,181,206,87.9,30,80,37.5,129,169,76.3,17,15,3,441,52,26,3,3,36,1,16,5,284,23,16,69.6,7,30.4
"Jota","Alavés","ESP","MF",NA,29,28,55,39,352,498,70.7,181,206,87.9,30,80,37.5,129,169,76.3,17,15,3,441,52,26,3,3,36,1,16,5,636,36,17,47.2,19,52.8
"Jota","Valladolid","POR","MF","FW",21,20,14,50,352,498,70.7,181,206,87.9,30,80,37.5,129,169,76.3,17,15,3,441,52,26,3,3,36,1,16,5,284,23,16,69.6,7,30.4
"Jota","Valladolid","POR","MF","FW",21,20,14,50,352,498,70.7,181,206,87.9,30,80,37.5,129,169,76.3,17,15,3,441,52,26,3,3,36,1,16,5,636,36,17,47.2,19,52.8
"Jota","Alavés","ESP","MF",NA,29,28,55,39,352,498,70.7,181,206,87.9,30,80,37.5,129,169,76.3,17,15,3,204,6,0,1,1,16,1,5,1,284,23,16,69.6,7,30.4
"Jota","Alavés","ESP","MF",NA,29,28,55,39,352,498,70.7,181,206,87.9,30,80,37.5,129,169,76.3,17,15,3,204,6,0,1,1,16,1,5,1,636,36,17,47.2,19,52.8
"Jota","Valladolid","POR","MF","FW",21,20,14,50,352,498,70.7,181,206,87.9,30,80,37.5,129,169,76.3,17,15,3,204,6,0,1,1,16,1,5,1,284,23,16,69.6,7,30.4
"Jota","Valladolid","POR","MF","FW",21,20,14,50,352,498,70.7,181,206,87.9,30,80,37.5,129,169,76.3,17,15,3,204,6,0,1,1,16,1,5,1,636,36,17,47.2,19,52.8
"Jota","Valladolid","POR","MF","FW",21,20,14,50,147,211,69.7,86,106,81.1,10,26,38.5,45,59,76.3,2,1,0,204,6,0,1,1,16,1,5,1,284,23,16,69.6,7,30.4
"Jota","Valladolid","POR","MF","FW",21,20,14,50,147,211,69.7,86,106,81.1,10,26,38.5,45,59,76.3,2,1,0,204,6,0,1,1,16,1,5,1,636,36,17,47.2,19,52.8
"Jota","Alavés","ESP","MF",NA,29,28,55,39,147,211,69.7,86,106,81.1,10,26,38.5,45,59,76.3,2,1,0,441,52,26,3,3,36,1,16,5,284,23,16,69.6,7,30.4
"Jota","Alavés","ESP","MF",NA,29,28,55,39,147,211,69.7,86,106,81.1,10,26,38.5,45,59,76.3,2,1,0,441,52,26,3,3,36,1,16,5,636,36,17,47.2,19,52.8
"Jota","Valladolid","POR","MF","FW",21,20,14,50,147,211,69.7,86,106,81.1,10,26,38.5,45,59,76.3,2,1,0,441,52,26,3,3,36,1,16,5,284,23,16,69.6,7,30.4
"Jota","Valladolid","POR","MF","FW",21,20,14,50,147,211,69.7,86,106,81.1,10,26,38.5,45,59,76.3,2,1,0,441,52,26,3,3,36,1,16,5,636,36,17,47.2,19,52.8
"Jota","Alavés","ESP","MF",NA,29,28,55,39,147,211,69.7,86,106,81.1,10,26,38.5,45,59,76.3,2,1,0,204,6,0,1,1,16,1,5,1,284,23,16,69.6,7,30.4
"Jota","Alavés","ESP","MF",NA,29,28,55,39,147,211,69.7,86,106,81.1,10,26,38.5,45,59,76.3,2,1,0,204,6,0,1,1,16,1,5,1,636,36,17,47.2,19,52.8
"Juan Carlos","Huesca","ESP","MF","FW",29,5,16,17,76,98,77.6,42,49,85.7,5,8,62.5,27,33,81.8,4,4,0,95,1,1,1,0,3,0,0,2,138,8,5,62.5,3,37.5
"Juan Cruz Armada","Osasuna","ESP","DF",NA,28,19,58,41,592,872,67.9,286,338,84.6,50,131,38.2,240,344,69.8,11,11,8,645,225,4,0,1,40,221,0,2,1052,11,8,72.7,3,27.3
"Juan Foyth","Villarreal","ARG","DF","MF",22,19,52,7,642,734,87.5,314,346,90.8,45,60,75,264,284,93,3,8,1,673,61,20,1,4,1,41,0,0,865,27,22,81.5,5,18.5
"Juan Miranda","Betis","ESP","DF",NA,20,21,68,89,691,952,72.6,391,453,86.3,51,114,44.7,218,315,69.2,12,16,9,757,189,14,0,2,56,175,0,6,1160,10,4,40,6,60
"Juan Sánchez Miño","Elche","ARG","DF","MF",30,8,9,18,240,289,83,133,148,89.9,19,30,63.3,76,92,82.6,1,2,2,257,32,6,0,1,7,26,0,0,333,8,5,62.5,3,37.5
"Juanmi","Betis","ESP","FW","MF",27,6,6,34,116,149,77.9,75,88,85.2,4,7,57.1,26,33,78.8,2,1,0,139,10,0,0,0,0,4,0,0,220,11,5,45.5,6,54.5
"Jules Koundé","Sevilla","FRA","DF",NA,21,45,167,26,2133,2395,89.1,935,998,93.7,162,255,63.5,995,1059,94,10,9,2,2338,50,40,0,17,21,10,0,7,2691,40,30,75,10,25
"Junior Firpo","Barcelona","DOM","DF","MF",23,8,7,22,202,229,88.2,132,139,95,2,4,50,56,62,90.3,5,3,1,202,24,5,0,0,4,19,0,3,265,5,1,20,4,80
"Karim Benzema","Real Madrid","FRA","FW",NA,32,107,114,256,1029,1235,83.3,633,712,88.9,53,70,75.7,237,286,82.9,38,34,0,1169,59,2,4,12,18,1,3,7,1533,62,39,62.9,23,37.1
"Karim Rekik","Sevilla","NED","DF",NA,25,16,19,16,433,494,87.7,232,257,90.3,15,26,57.7,175,196,89.3,3,4,1,433,60,3,0,0,6,57,0,1,556,6,4,66.7,2,33.3
"Kelechi Nwakali","Huesca","NGA","MF","FW",22,1,8,3,70,81,86.4,34,36,94.4,8,13,61.5,28,31,90.3,1,0,0,76,5,5,0,1,0,0,0,0,97,4,2,50,2,50
"Kenan Kodro","Athletic Club","BIH","FW","MF",26,1,1,2,7,9,77.8,3,4,75,1,1,100,3,3,100,0,0,0,102,13,0,0,3,0,2,0,2,12,1,1,100,0,0
"Kenan Kodro","Athletic Club","BIH","FW","MF",26,1,1,2,7,9,77.8,3,4,75,1,1,100,3,3,100,0,0,0,102,13,0,0,3,0,2,0,2,158,10,4,40,6,60
"Kenan Kodro","Valladolid","BIH","FW","MF",26,4,4,15,7,9,77.8,3,4,75,1,1,100,3,3,100,0,0,0,9,0,0,0,0,0,0,0,0,12,1,1,100,0,0
"Kenan Kodro","Valladolid","BIH","FW","MF",26,4,4,15,7,9,77.8,3,4,75,1,1,100,3,3,100,0,0,0,9,0,0,0,0,0,0,0,0,158,10,4,40,6,60
"Kenan Kodro","Athletic Club","BIH","FW","MF",26,1,1,2,7,9,77.8,3,4,75,1,1,100,3,3,100,0,0,0,9,0,0,0,0,0,0,0,0,12,1,1,100,0,0
"Kenan Kodro","Athletic Club","BIH","FW","MF",26,1,1,2,7,9,77.8,3,4,75,1,1,100,3,3,100,0,0,0,9,0,0,0,0,0,0,0,0,158,10,4,40,6,60
"Kenan Kodro","Valladolid","BIH","FW","MF",26,4,4,15,76,117,65,46,64,71.9,7,7,100,17,29,58.6,4,0,0,102,13,0,0,3,0,2,0,2,12,1,1,100,0,0
"Kenan Kodro","Valladolid","BIH","FW","MF",26,4,4,15,76,117,65,46,64,71.9,7,7,100,17,29,58.6,4,0,0,102,13,0,0,3,0,2,0,2,158,10,4,40,6,60
"Kenan Kodro","Valladolid","BIH","FW","MF",26,4,4,15,7,9,77.8,3,4,75,1,1,100,3,3,100,0,0,0,102,13,0,0,3,0,2,0,2,12,1,1,100,0,0
"Kenan Kodro","Valladolid","BIH","FW","MF",26,4,4,15,7,9,77.8,3,4,75,1,1,100,3,3,100,0,0,0,102,13,0,0,3,0,2,0,2,158,10,4,40,6,60
"Kenan Kodro","Athletic Club","BIH","FW","MF",26,1,1,2,76,117,65,46,64,71.9,7,7,100,17,29,58.6,4,0,0,102,13,0,0,3,0,2,0,2,12,1,1,100,0,0
"Kenan Kodro","Athletic Club","BIH","FW","MF",26,1,1,2,76,117,65,46,64,71.9,7,7,100,17,29,58.6,4,0,0,102,13,0,0,3,0,2,0,2,158,10,4,40,6,60
"Kenan Kodro","Valladolid","BIH","FW","MF",26,4,4,15,76,117,65,46,64,71.9,7,7,100,17,29,58.6,4,0,0,9,0,0,0,0,0,0,0,0,12,1,1,100,0,0
"Kenan Kodro","Valladolid","BIH","FW","MF",26,4,4,15,76,117,65,46,64,71.9,7,7,100,17,29,58.6,4,0,0,9,0,0,0,0,0,0,0,0,158,10,4,40,6,60
"Kenan Kodro","Athletic Club","BIH","FW","MF",26,1,1,2,76,117,65,46,64,71.9,7,7,100,17,29,58.6,4,0,0,9,0,0,0,0,0,0,0,0,12,1,1,100,0,0
"Kenan Kodro","Athletic Club","BIH","FW","MF",26,1,1,2,76,117,65,46,64,71.9,7,7,100,17,29,58.6,4,0,0,9,0,0,0,0,0,0,0,0,158,10,4,40,6,60
"Kenedy","Granada","BRA","FW","MF",24,30,23,59,201,318,63.2,105,131,80.2,24,73,32.9,56,81,69.1,17,10,7,267,49,15,2,2,62,6,28,2,551,70,37,52.9,33,47.1
"Kévin Gameiro","Valencia","FRA","FW",NA,33,7,19,68,206,270,76.3,124,146,84.9,5,8,62.5,60,76,78.9,5,4,0,241,26,0,0,0,2,4,0,3,351,12,4,33.3,8,66.7
"Kévin Rodrigues","Eibar","POR","DF","MF",26,14,40,56,358,554,64.6,179,211,84.8,42,116,36.2,121,184,65.8,11,13,6,458,94,11,0,5,65,65,18,2,683,21,11,52.4,10,47.6
"Kevin Vázquez","Celta Vigo","ESP","DF",NA,27,3,12,22,260,347,74.9,163,189,86.2,13,32,40.6,73,92,79.3,0,2,1,268,78,12,0,0,11,66,0,1,416,8,3,37.5,5,62.5
"Kieran Trippier","Atlético Madrid","ENG","DF",NA,29,43,169,196,1406,1821,77.2,743,824,90.2,121,244,49.6,481,618,77.8,34,60,10,1539,274,19,4,5,105,218,37,8,2054,25,19,76,6,24
"Kiké","Eibar","ESP","FW",NA,30,36,53,247,574,885,64.9,353,460,76.7,31,62,50,142,234,60.7,27,10,6,831,49,2,0,5,47,2,0,5,1336,54,36,66.7,18,33.3
"Kike Barja","Osasuna","ESP","MF","FW",23,46,55,143,341,505,67.5,175,212,82.5,31,62,50,116,168,69,16,21,9,492,11,1,1,3,72,5,3,2,697,82,54,65.9,28,34.1
"Kike Pérez","Valladolid","ESP","MF",NA,23,18,63,27,422,529,79.8,207,243,85.2,41,65,63.1,147,166,88.6,12,11,1,509,19,14,0,9,12,1,0,1,670,25,18,72,7,28
"Koke","Atlético Madrid","ESP","MF",NA,28,39,250,42,2178,2483,87.7,1120,1195,93.7,192,277,69.3,736,808,91.1,38,35,3,2345,127,74,4,22,52,7,43,11,2771,36,26,72.2,10,27.8
"Lee Kang-in","Valencia","KOR","FW","MF",19,36,80,41,442,547,80.8,225,241,93.4,60,101,59.4,136,164,82.9,22,16,2,479,65,21,5,12,39,6,27,3,656,45,38,84.4,7,15.6
"Lionel Messi","Barcelona","ARG","FW","MF",33,215,335,263,1954,2402,81.3,1162,1290,90.1,130,222,58.6,533,639,83.4,77,131,11,2151,228,87,20,14,126,5,99,23,2850,247,159,64.4,88,35.6
"Loren Morón","Betis","ESP","FW",NA,26,6,23,49,117,187,62.6,70,96,72.9,10,18,55.6,28,49,57.1,7,4,1,170,15,1,3,3,1,2,0,2,335,23,11,47.8,12,52.2
"Lucas Boyé","Elche","ARG","FW",NA,24,43,54,117,491,645,76.1,294,354,83.1,30,39,76.9,129,164,78.7,14,7,1,599,43,0,1,14,11,0,0,3,1137,117,66,56.4,51,43.6
"Lucas Ocampos","Sevilla","ARG","FW",NA,26,104,98,253,736,991,74.3,423,500,84.6,39,81,48.1,227,290,78.3,33,21,4,928,61,6,1,13,51,55,0,2,1384,115,67,58.3,48,41.7
"Lucas Olaza","Celta Vigo","URU","DF",NA,26,33,58,64,754,999,75.5,386,442,87.3,48,105,45.7,292,386,75.6,14,17,9,540,155,22,0,1,72,118,15,6,1141,12,5,41.7,7,58.3
"Lucas Olaza","Celta Vigo","URU","DF",NA,26,33,58,64,754,999,75.5,386,442,87.3,48,105,45.7,292,386,75.6,14,17,9,540,155,22,0,1,72,118,15,6,829,13,7,53.8,7,53.8
"Lucas Olaza","Celta Vigo","URU","DF",NA,26,33,58,64,493,701,70.3,245,284,86.3,42,111,37.8,195,268,72.8,14,14,8,540,155,22,0,1,72,118,15,6,1141,12,5,41.7,7,58.3
"Lucas Olaza","Celta Vigo","URU","DF",NA,26,33,58,64,493,701,70.3,245,284,86.3,42,111,37.8,195,268,72.8,14,14,8,540,155,22,0,1,72,118,15,6,829,13,7,53.8,7,53.8
"Lucas Olaza","Valladolid","URU","DF",NA,26,21,47,37,493,701,70.3,245,284,86.3,42,111,37.8,195,268,72.8,14,14,8,835,161,29,0,2,60,128,4,3,1141,12,5,41.7,7,58.3
"Lucas Olaza","Valladolid","URU","DF",NA,26,21,47,37,493,701,70.3,245,284,86.3,42,111,37.8,195,268,72.8,14,14,8,835,161,29,0,2,60,128,4,3,829,13,7,53.8,7,53.8
"Lucas Olaza","Valladolid","URU","DF",NA,26,21,47,37,493,701,70.3,245,284,86.3,42,111,37.8,195,268,72.8,14,14,8,540,155,22,0,1,72,118,15,6,1141,12,5,41.7,7,58.3
"Lucas Olaza","Valladolid","URU","DF",NA,26,21,47,37,493,701,70.3,245,284,86.3,42,111,37.8,195,268,72.8,14,14,8,540,155,22,0,1,72,118,15,6,829,13,7,53.8,7,53.8
"Lucas Olaza","Valladolid","URU","DF",NA,26,21,47,37,754,999,75.5,386,442,87.3,48,105,45.7,292,386,75.6,14,17,9,835,161,29,0,2,60,128,4,3,1141,12,5,41.7,7,58.3
"Lucas Olaza","Valladolid","URU","DF",NA,26,21,47,37,754,999,75.5,386,442,87.3,48,105,45.7,292,386,75.6,14,17,9,835,161,29,0,2,60,128,4,3,829,13,7,53.8,7,53.8
"Lucas Olaza","Celta Vigo","URU","DF",NA,26,33,58,64,754,999,75.5,386,442,87.3,48,105,45.7,292,386,75.6,14,17,9,835,161,29,0,2,60,128,4,3,1141,12,5,41.7,7,58.3
"Lucas Olaza","Celta Vigo","URU","DF",NA,26,33,58,64,754,999,75.5,386,442,87.3,48,105,45.7,292,386,75.6,14,17,9,835,161,29,0,2,60,128,4,3,829,13,7,53.8,7,53.8
"Lucas Olaza","Celta Vigo","URU","DF",NA,26,33,58,64,493,701,70.3,245,284,86.3,42,111,37.8,195,268,72.8,14,14,8,835,161,29,0,2,60,128,4,3,1141,12,5,41.7,7,58.3
"Lucas Olaza","Celta Vigo","URU","DF",NA,26,33,58,64,493,701,70.3,245,284,86.3,42,111,37.8,195,268,72.8,14,14,8,835,161,29,0,2,60,128,4,3,829,13,7,53.8,7,53.8
"Lucas Olaza","Valladolid","URU","DF",NA,26,21,47,37,754,999,75.5,386,442,87.3,48,105,45.7,292,386,75.6,14,17,9,540,155,22,0,1,72,118,15,6,1141,12,5,41.7,7,58.3
"Lucas Olaza","Valladolid","URU","DF",NA,26,21,47,37,754,999,75.5,386,442,87.3,48,105,45.7,292,386,75.6,14,17,9,540,155,22,0,1,72,118,15,6,829,13,7,53.8,7,53.8
"Lucas Pérez","Alavés","ESP","FW",NA,31,44,72,136,416,667,62.4,172,219,78.5,75,169,44.4,153,225,68,53,21,9,480,183,58,3,7,143,5,80,4,827,44,29,65.9,15,34.1
"Lucas Torreira","Atlético Madrid","URU","MF",NA,24,6,27,4,272,312,87.2,153,167,91.6,19,25,76,84,95,88.4,3,5,0,309,3,3,0,1,0,0,0,0,372,2,1,50,1,50
"Lucas Torró","Osasuna","ESP","MF",NA,26,5,55,15,504,669,75.3,266,344,77.3,40,68,58.8,174,212,82.1,6,4,0,663,6,6,0,9,2,0,0,0,865,14,10,71.4,4,28.6
"Lucas Vázquez","Real Madrid","ESP","DF","FW",29,51,97,201,1215,1448,83.9,686,747,91.8,107,161,66.5,370,434,85.3,44,47,18,1310,134,8,0,20,96,125,1,4,1670,45,32,71.1,13,28.9
"Luis Javier Suárez","Granada","COL","FW","MF",22,33,33,90,171,292,58.6,93,129,72.1,13,30,43.3,54,89,60.7,15,11,1,275,13,0,1,4,11,1,1,4,503,43,28,65.1,15,34.9
"Luis Milla","Granada","ESP","MF",NA,25,11,56,21,416,544,76.5,178,201,88.6,55,97,56.7,178,218,81.7,17,11,2,484,54,33,2,5,35,1,17,6,652,26,20,76.9,6,23.1
"Luis Pérez","Valladolid","ESP","DF",NA,25,27,39,42,434,637,68.1,235,277,84.8,33,96,34.4,151,213,70.9,8,9,8,487,146,4,0,1,43,142,0,4,809,12,5,41.7,7,58.3
"Luis Rioja","Alavés","ESP","MF","FW",26,71,42,130,435,660,65.9,275,331,83.1,29,67,43.3,122,195,62.6,25,19,13,578,79,9,0,0,90,55,15,3,904,72,40,55.6,32,44.4
"Luis Suárez","Atlético Madrid","URU","FW",NA,33,30,46,171,418,588,71.1,234,308,76,35,47,74.5,90,130,69.2,27,22,1,559,26,1,5,13,8,2,0,3,855,33,13,39.4,20,60.6
"Luismi","Elche","ESP","MF","DF",28,0,6,2,97,115,84.3,33,38,86.8,17,24,70.8,43,48,89.6,0,0,0,113,2,2,0,5,0,0,0,0,129,1,1,100,0,0
"Luka Jović","Real Madrid","SRB","FW",NA,22,2,0,4,33,40,82.5,22,25,88,1,2,50,8,8,100,2,0,0,37,3,0,0,0,1,0,0,0,52,2,2,100,0,0
"Luka Modrić","Real Madrid","CRO","MF",NA,34,67,283,108,1979,2312,85.6,967,1049,92.2,243,325,74.8,655,746,87.8,50,58,6,2162,143,83,8,58,79,16,44,7,2554,74,55,74.3,19,25.7
"Luuk de Jong","Sevilla","NED","FW",NA,29,6,18,66,246,342,71.9,157,197,79.7,7,12,58.3,62,91,68.1,11,4,0,317,23,0,0,2,2,0,0,2,486,14,9,64.3,5,35.7
"Manu García","Alavés","ESP","MF",NA,34,4,28,27,280,409,68.5,148,191,77.5,20,39,51.3,102,148,68.9,6,3,1,397,9,4,0,3,5,1,0,3,528,6,4,66.7,2,33.3
"Manu Sánchez","Osasuna","ESP","DF",NA,19,20,51,54,24,31,77.4,14,15,93.3,1,2,50,8,10,80,1,0,0,25,6,0,0,0,0,6,0,0,645,15,7,46.7,8,53.3
"Manu Sánchez","Osasuna","ESP","DF",NA,19,20,51,54,394,543,72.6,223,259,86.1,21,59,35.6,137,188,72.9,14,15,9,427,112,3,0,5,28,109,0,4,645,15,7,46.7,8,53.3
"Manu Sánchez","Atlético Madrid","ESP","DF",NA,19,1,1,2,394,543,72.6,223,259,86.1,21,59,35.6,137,188,72.9,14,15,9,427,112,3,0,5,28,109,0,4,645,15,7,46.7,8,53.3
"Manu Sánchez","Atlético Madrid","ESP","DF",NA,19,1,1,2,394,543,72.6,223,259,86.1,21,59,35.6,137,188,72.9,14,15,9,25,6,0,0,0,0,6,0,0,645,15,7,46.7,8,53.3
"Manu Sánchez","Atlético Madrid","ESP","DF",NA,19,1,1,2,24,31,77.4,14,15,93.3,1,2,50,8,10,80,1,0,0,25,6,0,0,0,0,6,0,0,645,15,7,46.7,8,53.3
"Manu Sánchez","Osasuna","ESP","DF",NA,19,20,51,54,394,543,72.6,223,259,86.1,21,59,35.6,137,188,72.9,14,15,9,25,6,0,0,0,0,6,0,0,645,15,7,46.7,8,53.3
"Manu Sánchez","Osasuna","ESP","DF",NA,19,20,51,54,24,31,77.4,14,15,93.3,1,2,50,8,10,80,1,0,0,427,112,3,0,5,28,109,0,4,645,15,7,46.7,8,53.3
"Manu Sánchez","Atlético Madrid","ESP","DF",NA,19,1,1,2,24,31,77.4,14,15,93.3,1,2,50,8,10,80,1,0,0,427,112,3,0,5,28,109,0,4,645,15,7,46.7,8,53.3
"Manu Trigueros","Villarreal","ESP","MF",NA,28,33,212,68,1380,1615,85.4,731,795,91.9,97,146,66.4,493,561,87.9,35,48,4,1571,35,24,7,10,21,6,2,9,1836,33,27,81.8,6,18.2
"Manu Vallejo","Valencia","ESP","FW","MF",23,22,25,60,192,256,75,112,135,83,10,15,66.7,49,59,83.1,7,12,1,233,21,2,0,3,7,1,3,2,394,30,9,30,21,70
"Marc Baró","Cádiz","ESP","DF",NA,20,3,0,2,11,19,57.9,5,6,83.3,3,6,50,3,6,50,2,0,0,9,10,2,0,0,6,6,2,0,28,1,1,100,0,0
"Marc Bartra","Betis","ESP","DF",NA,29,4,31,4,776,971,79.9,263,303,86.8,78,164,47.6,425,479,88.7,3,2,0,917,49,43,0,9,2,6,0,5,1173,8,7,87.5,1,12.5
"Marc Cucurella","Getafe","ESP","MF",NA,22,77,103,219,923,1351,68.3,544,667,81.6,59,143,41.3,266,388,68.6,39,36,16,1209,136,18,0,4,138,107,11,6,1738,59,24,40.7,35,59.3
"Marcelo","Real Madrid","BRA","DF","MF",32,24,96,92,699,876,79.8,396,442,89.6,49,97,50.5,227,277,81.9,16,28,9,769,103,14,1,8,50,89,0,4,982,14,12,85.7,2,14.3
"Marco Asensio","Real Madrid","ESP","FW","MF",24,92,82,166,798,1012,78.9,456,513,88.9,48,90,53.3,244,304,80.3,33,31,9,948,60,11,1,12,97,20,29,4,1179,39,29,74.4,10,25.6
"Marcos Acuña","Sevilla","ARG","DF",NA,28,65,114,133,1415,1767,80.1,675,730,92.5,159,310,51.3,542,639,84.8,32,35,19,1487,277,46,0,21,119,206,25,3,2019,61,41,67.2,20,32.8
"Marcos André","Valladolid","BRA","FW",NA,23,26,15,67,114,199,57.3,63,101,62.4,9,16,56.3,30,50,60,6,0,0,194,2,0,1,3,9,1,0,3,357,26,13,50,13,50
"Marcos Llorente","Atlético Madrid","ESP","MF","FW",25,90,140,215,1097,1355,81,585,656,89.2,83,120,69.2,349,420,83.1,44,37,12,1296,48,2,2,11,61,40,0,11,1723,66,39,59.1,27,40.9
"Mariano","Real Madrid","DOM","FW",NA,26,7,8,30,75,107,70.1,44,58,75.9,4,6,66.7,18,24,75,2,2,0,96,11,0,0,2,0,2,0,0,160,12,7,58.3,5,41.7
"Mario Gaspar","Villarreal","ESP","DF",NA,29,36,92,84,921,1125,81.9,500,543,92.1,52,102,51,353,415,85.1,12,20,9,893,224,27,0,6,37,196,1,8,1343,19,11,57.9,8,42.1
"Mario Hermoso","Atlético Madrid","ESP","DF",NA,25,30,172,23,1622,1939,83.7,806,873,92.3,137,236,58.1,640,750,85.3,10,18,2,1728,207,51,2,40,8,156,0,4,2188,11,9,81.8,2,18.2
"Marko Dmitrović","Eibar","SRB","GK",NA,28,0,3,0,585,1071,54.6,51,52,98.1,356,838,42.5,175,175,100,4,3,0,714,355,122,0,5,0,0,0,2,1149,1,1,100,0,0
"Martin Agirregabiria","Alavés","ESP","DF","MF",24,11,39,36,534,751,71.1,268,318,84.3,48,106,45.3,204,283,72.1,12,15,10,563,183,16,0,9,32,165,2,5,888,6,2,33.3,4,66.7
"Martin Braithwaite","Barcelona","DEN","FW",NA,29,20,15,91,228,282,80.9,158,175,90.3,10,13,76.9,31,51,60.8,12,5,0,268,13,0,1,1,5,0,0,1,391,16,9,56.3,7,43.8
"Martín Merquelanz","Real Sociedad","ESP","MF","FW",25,18,19,58,176,259,68,89,105,84.8,19,40,47.5,64,92,69.6,9,7,1,215,41,9,0,1,47,7,25,3,334,10,6,60,4,40
"Martín Montoya","Betis","ESP","DF",NA,29,4,17,19,126,164,76.8,72,81,88.9,10,16,62.5,42,58,72.4,4,2,1,134,29,3,0,2,6,26,0,1,196,7,5,71.4,2,28.6
"Martin Ødegaard","Real Madrid","NOR","MF",NA,21,7,20,18,145,171,84.8,74,78,94.9,10,16,62.5,53,62,85.5,5,2,0,161,8,2,2,0,7,0,6,2,186,1,1,100,0,0
"Martín Zubimendi","Real Sociedad","ESP","MF",NA,21,25,117,11,983,1118,87.9,447,488,91.6,88,116,75.9,429,472,90.9,7,12,1,1086,29,27,0,6,3,2,0,3,1318,15,12,80,3,20
"Marvin","Real Madrid","ESP","DF","MF",20,6,6,10,68,85,80,38,41,92.7,2,6,33.3,24,28,85.7,2,1,0,74,10,0,0,0,4,10,0,1,114,6,2,33.3,4,66.7
"Mathías Olivera","Getafe","URU","DF",NA,22,49,102,59,783,1168,67,434,538,80.7,62,146,42.5,249,370,67.3,21,16,11,880,282,15,0,6,64,267,0,6,1478,37,26,70.3,11,29.7
"Mauro Arambarri","Getafe","URU","MF",NA,24,38,119,50,739,1093,67.6,268,339,79.1,153,291,52.6,289,389,74.3,21,24,10,964,123,51,2,36,123,2,68,6,1443,56,36,64.3,20,35.7
"Maxi Gómez","Valencia","URU","FW",NA,23,19,41,102,364,567,64.2,206,284,72.5,33,52,63.5,96,160,60,13,5,2,533,31,0,1,17,13,2,0,3,792,25,15,60,10,40
"Maxime Gonalons","Granada","FRA","MF",NA,31,18,68,8,587,716,82,217,250,86.8,82,125,65.6,274,304,90.1,7,7,0,697,17,16,0,7,6,1,0,2,881,27,18,66.7,9,33.3
"Míchel","Valladolid","ESP","MF",NA,32,13,65,12,551,694,79.4,247,268,92.2,76,133,57.1,208,252,82.5,11,4,1,623,68,45,0,9,44,5,18,3,781,18,8,44.4,10,55.6
"Mickael Malsa","Levante","MTQ","MF",NA,24,24,137,15,1167,1384,84.3,497,549,90.5,134,201,66.7,512,584,87.7,12,7,0,1364,17,15,4,10,1,1,0,3,1639,31,20,64.5,11,35.5
"Miguel Atienza","Eibar","ESP","MF",NA,21,5,31,10,271,341,79.5,139,167,83.2,25,34,73.5,94,118,79.7,4,4,1,340,1,1,0,3,4,0,0,0,424,3,1,33.3,2,66.7
"Miguel Baeza","Celta Vigo","ESP","MF","FW",20,9,15,26,169,212,79.7,99,113,87.6,16,21,76.2,46,59,78,8,6,2,196,16,3,1,3,12,5,8,0,269,8,2,25,6,75
"Miguel Gutiérrez","Real Madrid","ESP","DF",NA,19,13,21,27,240,283,84.8,154,164,93.9,9,16,56.3,64,76,84.2,4,4,1,247,36,1,1,1,19,35,0,0,319,11,6,54.5,5,45.5
"Miguel Rodríguez","Celta Vigo","ESP","FW","DF",17,1,1,6,11,17,64.7,8,9,88.9,2,2,100,1,2,50,0,0,0,16,1,0,0,1,2,1,0,0,19,1,1,100,0,0
"Mikel Balenziaga","Athletic Club","ESP","DF",NA,32,28,52,48,715,951,75.2,360,406,88.7,46,104,44.2,288,371,77.6,8,10,9,757,190,20,0,1,44,170,0,4,1106,15,10,66.7,5,33.3
"Mikel Merino","Real Sociedad","ESP","MF",NA,24,28,181,75,908,1217,74.6,471,558,84.4,84,149,56.4,317,400,79.3,29,32,1,1172,29,26,8,9,21,2,1,16,1518,46,31,67.4,15,32.6
"Mikel Oyarzabal","Real Sociedad","ESP","FW","MF",23,46,89,186,673,978,68.8,352,429,82.1,67,160,41.9,209,282,74.1,51,40,6,829,146,45,5,7,151,12,89,3,1272,50,23,46,27,54
"Mikel Rico","Huesca","ESP","MF",NA,35,21,88,72,698,898,77.7,331,373,88.7,79,131,60.3,269,324,83,20,13,8,863,30,8,0,12,32,7,3,5,1109,39,22,56.4,17,43.6
"Mikel Vesga","Athletic Club","ESP","MF",NA,27,14,95,15,703,909,77.3,325,393,82.7,84,123,68.3,269,324,83,12,8,0,901,5,4,0,10,4,0,0,3,1114,11,9,81.8,2,18.2
"Miralem Pjanić","Barcelona","BIH","MF",NA,30,18,61,11,688,761,90.4,381,401,95,33,47,70.2,250,270,92.6,12,13,0,723,36,20,1,1,9,3,13,2,829,7,7,100,0,0
"Modibo Sagnan","Real Sociedad","MLI","DF",NA,21,10,22,2,339,387,87.6,89,100,89,55,68,80.9,191,208,91.8,3,1,0,374,11,11,0,8,1,0,0,2,461,6,4,66.7,2,33.3
"Moi Gómez","Villarreal","ESP","MF","FW",26,71,116,143,1091,1329,82.1,617,676,91.3,76,119,63.9,355,436,81.4,31,31,4,1244,75,22,3,15,72,6,47,10,1553,67,36,53.7,31,46.3
"Mouctar Diakhaby","Valencia","GUI","DF",NA,23,7,47,8,841,997,84.4,255,279,91.4,117,186,62.9,462,503,91.8,1,0,0,959,31,30,0,12,1,1,0,7,1220,9,7,77.8,2,22.2
"Munir El Haddadi","Sevilla","MAR","FW",NA,24,22,28,66,273,342,79.8,152,173,87.9,13,28,46.4,82,99,82.8,11,14,3,332,10,2,2,8,17,1,6,0,457,22,13,59.1,9,40.9
"Nabil Fekir","Betis","FRA","MF","FW",27,103,152,182,1048,1309,80.1,555,611,90.8,85,155,54.8,325,399,81.5,51,43,7,1150,152,41,4,11,115,11,83,7,1669,117,85,72.6,32,27.4
"Nacho","Valladolid","ESP","DF",NA,31,28,80,67,736,1050,70.1,342,393,87,73,200,36.5,302,389,77.6,22,17,10,1186,71,34,0,17,21,37,0,2,1254,14,9,64.3,5,35.7
"Nacho","Valladolid","ESP","DF",NA,31,28,80,67,736,1050,70.1,342,393,87,73,200,36.5,302,389,77.6,22,17,10,1186,71,34,0,17,21,37,0,2,1443,10,6,60,4,40
"Nacho","Real Madrid","ESP","DF",NA,30,42,72,37,1124,1259,89.3,502,537,93.5,102,147,69.4,488,522,93.5,4,4,2,828,216,32,0,14,67,183,1,6,1254,14,9,64.3,5,35.7
"Nacho","Real Madrid","ESP","DF",NA,30,42,72,37,1124,1259,89.3,502,537,93.5,102,147,69.4,488,522,93.5,4,4,2,828,216,32,0,14,67,183,1,6,1443,10,6,60,4,40
"Nacho","Valladolid","ESP","DF",NA,31,28,80,67,1124,1259,89.3,502,537,93.5,102,147,69.4,488,522,93.5,4,4,2,828,216,32,0,14,67,183,1,6,1254,14,9,64.3,5,35.7
"Nacho","Valladolid","ESP","DF",NA,31,28,80,67,1124,1259,89.3,502,537,93.5,102,147,69.4,488,522,93.5,4,4,2,828,216,32,0,14,67,183,1,6,1443,10,6,60,4,40
"Nacho","Real Madrid","ESP","DF",NA,30,42,72,37,736,1050,70.1,342,393,87,73,200,36.5,302,389,77.6,22,17,10,1186,71,34,0,17,21,37,0,2,1254,14,9,64.3,5,35.7
"Nacho","Real Madrid","ESP","DF",NA,30,42,72,37,736,1050,70.1,342,393,87,73,200,36.5,302,389,77.6,22,17,10,1186,71,34,0,17,21,37,0,2,1443,10,6,60,4,40
"Nacho","Valladolid","ESP","DF",NA,31,28,80,67,736,1050,70.1,342,393,87,73,200,36.5,302,389,77.6,22,17,10,828,216,32,0,14,67,183,1,6,1254,14,9,64.3,5,35.7
"Nacho","Valladolid","ESP","DF",NA,31,28,80,67,736,1050,70.1,342,393,87,73,200,36.5,302,389,77.6,22,17,10,828,216,32,0,14,67,183,1,6,1443,10,6,60,4,40
"Nacho","Valladolid","ESP","DF",NA,31,28,80,67,1124,1259,89.3,502,537,93.5,102,147,69.4,488,522,93.5,4,4,2,1186,71,34,0,17,21,37,0,2,1254,14,9,64.3,5,35.7
"Nacho","Valladolid","ESP","DF",NA,31,28,80,67,1124,1259,89.3,502,537,93.5,102,147,69.4,488,522,93.5,4,4,2,1186,71,34,0,17,21,37,0,2,1443,10,6,60,4,40
"Nacho","Real Madrid","ESP","DF",NA,30,42,72,37,736,1050,70.1,342,393,87,73,200,36.5,302,389,77.6,22,17,10,828,216,32,0,14,67,183,1,6,1254,14,9,64.3,5,35.7
"Nacho","Real Madrid","ESP","DF",NA,30,42,72,37,736,1050,70.1,342,393,87,73,200,36.5,302,389,77.6,22,17,10,828,216,32,0,14,67,183,1,6,1443,10,6,60,4,40
"Nacho","Real Madrid","ESP","DF",NA,30,42,72,37,1124,1259,89.3,502,537,93.5,102,147,69.4,488,522,93.5,4,4,2,1186,71,34,0,17,21,37,0,2,1254,14,9,64.3,5,35.7
"Nacho","Real Madrid","ESP","DF",NA,30,42,72,37,1124,1259,89.3,502,537,93.5,102,147,69.4,488,522,93.5,4,4,2,1186,71,34,0,17,21,37,0,2,1443,10,6,60,4,40
"Nacho Monreal","Real Sociedad","ESP","DF",NA,34,24,71,119,976,1235,79,536,593,90.4,55,118,46.6,353,433,81.5,11,9,5,998,231,31,0,1,51,200,0,6,1407,11,8,72.7,3,27.3
"Nacho Vidal","Osasuna","ESP","DF",NA,25,18,87,58,709,1030,68.8,339,415,81.7,56,134,41.8,296,416,71.2,12,20,9,805,220,8,1,7,50,212,0,5,1335,33,15,45.5,18,54.5
"Nehuén Pérez","Granada","ARG","DF",NA,20,2,6,0,150,199,75.4,48,55,87.3,17,42,40.5,84,98,85.7,0,0,0,186,11,10,0,2,0,1,0,2,269,2,2,100,0,0
"Nemanja Gudelj","Sevilla","SRB","MF","DF",28,4,26,3,731,788,92.8,286,301,95,48,63,76.2,378,394,95.9,2,2,0,762,24,23,1,7,2,1,0,2,901,3,3,100,0,0
"Nemanja Maksimović","Getafe","SRB","MF",NA,25,20,55,32,582,787,74,286,355,80.6,43,84,51.2,189,255,74.1,19,15,10,733,53,12,0,4,23,2,0,1,1056,19,13,68.4,6,31.6
"Nemanja Radoja","Levante","SRB","MF",NA,27,16,63,19,588,683,86.1,269,304,88.5,58,76,76.3,243,273,89,3,9,1,673,9,8,1,5,2,1,0,1,768,14,11,78.6,3,21.4
"Néstor Araujo","Celta Vigo","MEX","DF",NA,28,26,82,1,1321,1590,83.1,412,464,88.8,161,278,57.9,734,807,91,4,4,1,1562,26,24,1,7,2,2,0,2,1804,5,5,100,0,0
"Nico Williams","Athletic Club","ESP","MF",NA,18,2,1,8,9,19,47.4,4,6,66.7,1,2,50,3,4,75,0,0,0,19,0,0,0,0,3,0,0,0,23,3,3,100,0,0
"Nikola Vukčević","Levante","MNE","MF",NA,28,1,17,3,272,320,85,139,150,92.7,23,40,57.5,102,115,88.7,4,1,0,310,9,9,1,0,0,0,0,1,378,4,3,75,1,25
"Nino","Elche","ESP","FW","MF",40,7,6,15,106,120,88.3,65,70,92.9,8,13,61.5,25,26,96.2,2,0,0,114,6,0,0,1,5,1,0,0,135,4,2,50,2,50
"Nolito","Celta Vigo","ESP","MF","FW",33,35,126,163,725,1007,72,359,432,83.1,69,133,51.9,269,355,75.8,35,36,3,914,80,44,9,6,47,9,25,13,1322,55,30,54.5,25,45.5
"Oier Sanjurjo","Osasuna","ESP","MF",NA,34,8,80,35,569,859,66.2,281,370,75.9,41,105,39,219,305,71.8,15,15,6,833,17,12,3,6,13,4,0,9,1082,8,5,62.5,3,37.5
"Oier Zarraga","Athletic Club","ESP","MF",NA,21,1,5,5,33,43,76.7,14,19,73.7,3,3,100,15,17,88.2,2,1,0,40,3,1,0,0,1,0,0,0,50,4,2,50,2,50
"Oihan Sancet","Athletic Club","ESP","FW","MF",20,26,41,76,254,350,72.6,147,195,75.4,14,18,77.8,80,104,76.9,12,10,0,336,14,0,0,1,3,1,0,0,460,25,18,72,7,28
"Okay Yokuşlu","Celta Vigo","TUR","MF",NA,26,7,14,6,237,276,85.9,124,134,92.5,24,34,70.6,79,91,86.8,5,1,0,266,10,7,0,5,1,1,0,0,336,9,7,77.8,2,22.2
"Óliver Torres","Sevilla","ESP","MF","FW",25,39,130,82,860,1026,83.8,413,448,92.2,154,210,73.3,257,304,84.5,27,23,5,967,52,7,3,57,38,15,24,7,1168,41,34,82.9,7,17.1
"Omenuke Mfulu","Elche","COD","MF",NA,26,3,18,1,300,345,87,139,153,90.8,26,33,78.8,127,137,92.7,2,0,0,338,7,5,0,4,1,1,0,0,420,3,1,33.3,2,66.7
"Óscar de Marcos","Athletic Club","ESP","DF","MF",31,54,49,107,571,774,73.8,327,387,84.5,35,66,53,191,260,73.5,12,14,5,646,126,7,0,3,58,119,0,2,912,12,7,58.3,5,41.7
"Óscar Duarte","Levante","CRC","DF",NA,31,6,52,3,1028,1235,83.2,301,346,87,152,249,61,562,616,91.2,4,0,0,1186,47,39,1,12,1,2,0,2,1446,3,3,100,0,0
"Óscar Mingueza","Barcelona","ESP","DF",NA,21,23,99,33,1545,1683,91.8,805,842,95.6,66,105,62.9,623,650,95.8,8,9,2,1571,109,39,0,5,15,70,0,3,1856,10,8,80,2,20
"Óscar Plano","Valladolid","ESP","MF","FW",29,29,77,109,606,830,73,343,422,81.3,42,80,52.5,191,249,76.7,25,16,4,791,33,6,6,5,33,8,18,6,1154,26,14,53.8,12,46.2
"Óscar Rodríguez Arnaiz","Sevilla","ESP","MF","FW",22,16,35,48,256,335,76.4,135,161,83.9,26,53,49.1,84,101,83.2,11,9,2,304,30,8,2,9,38,0,22,1,399,22,12,54.5,10,45.5
"Ousmane Dembélé","Barcelona","FRA","FW",NA,23,140,87,288,832,1019,81.6,505,569,88.8,39,63,61.9,242,296,81.8,39,43,8,958,59,6,3,2,75,20,30,2,1258,99,63,63.6,36,36.4
"Pablo Hervías","Valladolid","ESP","DF","MF",27,73,53,66,549,737,74.5,280,309,90.6,50,119,42,198,259,76.4,30,21,16,597,137,29,0,2,124,85,22,3,839,34,21,61.8,13,38.2
"Pablo Insua","Huesca","ESP","DF",NA,26,3,20,3,637,749,85,180,203,88.7,93,140,66.4,361,393,91.9,1,1,0,723,23,22,0,8,1,1,0,3,905,3,3,100,0,0
"Pablo Maffeo","Huesca","ESP","DF",NA,23,47,60,112,753,1098,68.6,375,440,85.2,74,192,38.5,294,400,73.5,17,26,16,856,237,21,0,6,102,216,0,5,1292,42,30,71.4,12,28.6
"Pablo Piatti","Elche","ARG","MF","FW",31,8,10,31,92,127,72.4,49,59,83.1,6,16,37.5,31,41,75.6,3,4,3,119,8,3,0,1,17,2,3,0,165,6,3,50,3,50
"Paco Alcácer","Villarreal","ESP","FW",NA,26,12,13,77,193,270,71.5,106,135,78.5,10,14,71.4,40,58,69,15,7,0,229,37,0,1,0,3,1,0,4,381,11,8,72.7,3,27.3
"Papakouli Diop","Eibar","SEN","MF",NA,34,12,98,21,605,882,68.6,229,303,75.6,81,137,59.1,283,394,71.8,12,10,4,864,12,12,1,11,10,0,0,6,1112,9,7,77.8,2,22.2
"Papu Gómez","Sevilla","ARG","MF","FW",32,40,49,51,506,592,85.5,280,302,92.7,45,72,62.5,159,181,87.8,17,10,2,559,30,7,0,12,32,6,16,3,689,23,12,52.2,11,47.8
"Patrick Cutrone","Valencia","ITA","FW",NA,22,1,3,6,16,23,69.6,8,12,66.7,2,3,66.7,5,6,83.3,1,2,0,21,2,0,0,1,1,1,0,0,31,1,1,100,0,0
"Pau Torres","Villarreal","ESP","DF",NA,23,47,133,11,1812,2069,87.6,643,695,92.5,230,342,67.3,913,978,93.4,6,4,0,1998,67,62,1,43,2,5,0,4,2316,30,25,83.3,5,16.7
"Paul Akouokou","Betis","CIV","MF",NA,22,4,13,1,170,187,90.9,72,79,91.1,17,23,73.9,77,80,96.3,2,1,1,186,1,1,0,1,2,0,0,0,231,4,3,75,1,25
"Paulo Oliveira","Eibar","POR","DF",NA,28,6,80,3,835,1226,68.1,195,245,79.6,166,366,45.4,466,577,80.8,2,8,0,1175,48,46,0,19,2,2,0,3,1518,6,5,83.3,1,16.7
"Pedri","Barcelona","ESP","MF",NA,17,65,152,128,1498,1721,87,827,897,92.2,99,129,76.7,483,543,89,39,43,1,1665,50,13,8,9,11,10,27,6,1984,41,29,70.7,12,29.3
"Pedro Alcalá","Cádiz","ESP","DF",NA,31,1,11,0,205,282,72.7,46,57,80.7,39,83,47,115,129,89.1,0,0,0,266,14,14,0,5,0,0,0,2,389,1,1,100,0,0
"Pedro Bigas","Eibar","ESP","DF",NA,29,9,42,7,474,676,70.1,113,149,75.8,111,203,54.7,246,304,80.9,1,1,0,603,68,31,0,17,9,37,0,5,807,2,1,50,1,50
"Pedro León","Eibar","ESP","MF","FW",33,16,19,72,207,365,56.7,95,125,76,26,80,32.5,76,117,65,19,14,12,298,64,17,0,2,107,7,40,3,470,20,14,70,6,30
"Pedro López Muñoz","Huesca","ESP","DF",NA,36,16,48,48,536,662,81,261,287,90.9,52,91,57.1,217,260,83.5,7,12,7,524,137,15,0,1,52,122,0,1,779,17,8,47.1,9,52.9
"Pedro Mosquera","Huesca","ESP","MF",NA,32,18,141,8,1033,1215,85,448,498,90,137,195,70.3,422,473,89.2,13,10,4,1134,77,77,0,28,7,0,0,4,1390,13,10,76.9,3,23.1
"Pere Milla","Elche","ESP","FW","MF",27,27,46,79,428,595,71.9,273,326,83.7,24,41,58.5,102,137,74.5,14,7,0,566,25,3,4,3,9,5,2,4,821,30,19,63.3,11,36.7
"Pere Pons","Alavés","ESP","MF",NA,27,17,36,33,270,349,77.4,164,190,86.3,13,29,44.8,74,92,80.4,8,6,2,340,7,5,1,2,7,1,0,2,485,28,9,32.1,19,67.9
"Pervis Estupiñán","Villarreal","ECU","DF",NA,22,39,35,120,516,662,77.9,270,303,89.1,47,75,62.7,184,227,81.1,17,24,13,559,102,9,1,3,65,93,0,1,831,21,9,42.9,12,57.1
"Philippe Coutinho","Barcelona","BRA","MF","FW",28,38,58,61,444,519,85.5,276,298,92.6,18,37,48.6,116,133,87.2,6,16,2,486,30,4,0,1,24,7,19,3,584,15,11,73.3,4,26.7
"Portu","Real Sociedad","ESP","FW","MF",28,56,38,201,384,580,66.2,228,289,78.9,10,41,24.4,111,159,69.8,26,19,4,557,21,7,1,1,68,5,8,2,757,28,14,50,14,50
"Quini","Granada","ESP","DF",NA,30,18,30,48,341,513,66.5,192,229,83.8,23,73,31.5,110,163,67.5,4,6,5,384,127,3,0,2,30,124,0,2,666,22,13,59.1,9,40.9
"Quique","Eibar","ESP","FW","MF",30,0,2,7,35,49,71.4,23,29,79.3,1,3,33.3,11,15,73.3,1,0,0,46,3,0,0,1,0,0,0,0,63,3,1,33.3,2,66.7
"Rafa Mir","Huesca","ESP","FW",NA,23,42,39,117,249,457,54.5,139,204,68.1,14,40,35,80,140,57.1,9,4,0,421,26,0,0,5,21,3,0,10,802,27,15,55.6,12,44.4
"Rafa Soares","Eibar","POR","DF",NA,25,17,58,41,487,706,69,213,247,86.2,75,149,50.3,190,265,71.7,15,16,11,525,177,12,0,5,65,164,1,4,835,8,4,50,4,50
"Ramiro Funes Mori","Villarreal","ARG","DF",NA,29,19,25,3,423,491,86.2,186,206,90.3,33,52,63.5,197,216,91.2,0,1,0,465,23,13,0,2,1,10,0,3,574,1,1,100,0,0
"Raphaël Varane","Real Madrid","FRA","DF",NA,27,28,98,5,1591,1778,89.5,464,504,92.1,200,272,73.5,906,959,94.5,4,2,0,1717,60,51,0,21,2,9,0,1,2028,5,5,100,0,0
"Raúl Albiol","Villarreal","ESP","DF",NA,34,19,136,2,1829,2065,88.6,519,557,93.2,242,333,72.7,1047,1126,93,4,3,1,1994,68,62,0,19,6,5,0,3,2327,6,4,66.7,2,33.3
"Raúl García","Athletic Club","ESP","FW","MF",34,17,73,74,348,582,59.8,209,297,70.4,27,60,45,98,155,63.2,15,21,1,572,5,0,4,3,19,0,0,5,806,13,7,53.8,6,46.2
"Raúl García","Athletic Club","ESP","FW","MF",34,17,73,74,348,582,59.8,209,297,70.4,27,60,45,98,155,63.2,15,21,1,572,5,0,4,3,19,0,0,5,347,9,6,66.7,3,33.3
"Raúl García","Valladolid","ESP","DF","MF",31,14,21,22,348,582,59.8,209,297,70.4,27,60,45,98,155,63.2,15,21,1,222,67,2,0,2,37,65,0,1,806,13,7,53.8,6,46.2
"Raúl García","Valladolid","ESP","DF","MF",31,14,21,22,348,582,59.8,209,297,70.4,27,60,45,98,155,63.2,15,21,1,222,67,2,0,2,37,65,0,1,347,9,6,66.7,3,33.3
"Raúl García","Valladolid","ESP","DF","MF",31,14,21,22,199,290,68.6,113,135,83.7,14,36,38.9,68,98,69.4,5,4,2,572,5,0,4,3,19,0,0,5,806,13,7,53.8,6,46.2
"Raúl García","Valladolid","ESP","DF","MF",31,14,21,22,199,290,68.6,113,135,83.7,14,36,38.9,68,98,69.4,5,4,2,572,5,0,4,3,19,0,0,5,347,9,6,66.7,3,33.3
"Raúl García","Athletic Club","ESP","FW","MF",34,17,73,74,199,290,68.6,113,135,83.7,14,36,38.9,68,98,69.4,5,4,2,572,5,0,4,3,19,0,0,5,806,13,7,53.8,6,46.2
"Raúl García","Athletic Club","ESP","FW","MF",34,17,73,74,199,290,68.6,113,135,83.7,14,36,38.9,68,98,69.4,5,4,2,572,5,0,4,3,19,0,0,5,347,9,6,66.7,3,33.3
"Raúl García","Athletic Club","ESP","FW","MF",34,17,73,74,348,582,59.8,209,297,70.4,27,60,45,98,155,63.2,15,21,1,222,67,2,0,2,37,65,0,1,806,13,7,53.8,6,46.2
"Raúl García","Athletic Club","ESP","FW","MF",34,17,73,74,348,582,59.8,209,297,70.4,27,60,45,98,155,63.2,15,21,1,222,67,2,0,2,37,65,0,1,347,9,6,66.7,3,33.3
"Raúl García","Valladolid","ESP","DF","MF",31,14,21,22,199,290,68.6,113,135,83.7,14,36,38.9,68,98,69.4,5,4,2,222,67,2,0,2,37,65,0,1,806,13,7,53.8,6,46.2
"Raúl García","Valladolid","ESP","DF","MF",31,14,21,22,199,290,68.6,113,135,83.7,14,36,38.9,68,98,69.4,5,4,2,222,67,2,0,2,37,65,0,1,347,9,6,66.7,3,33.3
"Raúl García","Valladolid","ESP","DF","MF",31,14,21,22,348,582,59.8,209,297,70.4,27,60,45,98,155,63.2,15,21,1,572,5,0,4,3,19,0,0,5,806,13,7,53.8,6,46.2
"Raúl García","Valladolid","ESP","DF","MF",31,14,21,22,348,582,59.8,209,297,70.4,27,60,45,98,155,63.2,15,21,1,572,5,0,4,3,19,0,0,5,347,9,6,66.7,3,33.3
"Raúl García","Athletic Club","ESP","FW","MF",34,17,73,74,199,290,68.6,113,135,83.7,14,36,38.9,68,98,69.4,5,4,2,222,67,2,0,2,37,65,0,1,806,13,7,53.8,6,46.2
"Raúl García","Athletic Club","ESP","FW","MF",34,17,73,74,199,290,68.6,113,135,83.7,14,36,38.9,68,98,69.4,5,4,2,222,67,2,0,2,37,65,0,1,347,9,6,66.7,3,33.3
"Raúl Guti","Elche","ESP","MF",NA,23,25,95,22,1078,1297,83.1,484,542,89.3,115,183,62.8,431,473,91.1,7,6,2,1244,50,28,0,24,13,4,0,3,1577,47,29,61.7,18,38.3
"Recio","Eibar","ESP","MF",NA,29,14,40,25,354,439,80.6,177,197,89.8,39,70,55.7,124,140,88.6,14,7,2,395,41,18,0,4,48,2,19,3,522,13,9,69.2,4,30.8
"Renan Lodi","Atlético Madrid","BRA","DF","FW",22,44,36,126,577,749,77,321,362,88.7,43,77,55.8,200,263,76,12,19,7,613,133,17,0,4,67,104,12,3,894,29,22,75.9,7,24.1
"Renato Tapia","Celta Vigo","PER","MF",NA,25,26,120,10,1292,1598,80.9,519,598,86.8,159,258,61.6,566,639,88.6,9,8,0,1543,51,48,0,34,4,3,0,4,1969,38,28,73.7,10,26.3
"Riqui Puig","Barcelona","ESP","MF","FW",20,11,34,15,318,349,91.1,182,197,92.4,25,28,89.3,90,100,90,5,3,0,340,7,4,2,2,1,1,2,2,374,7,6,85.7,1,14.3
"Rober","Levante","ESP","DF","MF",25,12,79,1,730,887,82.3,248,275,90.2,113,175,64.6,358,399,89.7,4,1,0,854,30,27,0,16,1,3,0,3,1046,8,7,87.5,1,12.5
"Rober Correa","Eibar","ESP","DF",NA,27,15,41,26,436,636,68.6,209,253,82.6,47,101,46.5,172,257,66.9,11,12,10,492,143,12,0,3,47,131,0,1,769,17,13,76.5,4,23.5
"Roberto López","Real Sociedad","ESP","MF","FW",20,7,30,29,176,248,71,89,104,85.6,9,31,29,64,85,75.3,7,7,1,220,28,9,0,0,34,1,17,0,297,7,5,71.4,2,28.6
"Roberto Navarro","Real Sociedad","ESP","MF",NA,18,1,3,1,17,22,77.3,9,9,100,1,3,33.3,6,8,75,1,0,0,19,3,1,0,0,2,0,2,0,28,1,0,0,1,100
"Roberto Soldado","Granada","ESP","FW",NA,35,12,19,82,206,349,59,119,169,70.4,14,22,63.6,53,92,57.6,9,6,0,303,38,1,1,5,11,1,0,8,476,8,4,50,4,50
"Roberto Torres","Osasuna","ESP","MF","FW",31,27,79,95,519,781,66.5,245,303,80.9,80,166,48.2,166,234,70.9,19,26,10,686,90,49,0,23,101,10,31,5,953,30,17,56.7,13,43.3
"Robin Le Normand","Real Sociedad","ESP","DF",NA,23,22,101,4,1451,1707,85,458,521,87.9,143,232,61.6,828,912,90.8,4,3,1,1659,45,43,0,9,2,2,0,3,1963,5,5,100,0,0
"Rodri","Betis","ESP","FW","MF",20,13,35,31,210,252,83.3,120,131,91.6,19,26,73.1,61,75,81.3,8,10,0,245,7,3,0,1,12,3,1,0,305,16,9,56.3,7,43.8
"Rodrigo Battaglia","Alavés","ARG","MF",NA,29,22,73,14,870,1039,83.7,396,450,88,77,117,65.8,362,406,89.2,3,4,0,988,49,44,1,6,3,0,1,2,1253,25,18,72,7,28
"Rodrigo Ely","Alavés","BRA","DF",NA,26,1,3,0,127,165,77,30,39,76.9,22,39,56.4,73,81,90.1,3,0,0,152,10,10,0,0,0,0,0,3,210,1,1,100,0,0
"Rodrygo","Real Madrid","BRA","FW",NA,19,45,28,99,333,420,79.3,218,243,89.7,13,23,56.5,80,98,81.6,19,13,2,410,8,0,1,1,24,6,2,2,566,40,18,45,22,55
"Roger Martí","Levante","ESP","FW",NA,29,12,44,155,357,519,68.8,231,293,78.8,20,36,55.6,86,129,66.7,18,13,0,466,48,0,3,4,12,0,0,5,700,19,14,73.7,5,26.3
"Ronald Araújo","Barcelona","URU","DF",NA,21,9,43,2,985,1075,91.6,381,398,95.7,73,109,67,527,556,94.8,3,0,0,1037,37,28,0,6,0,9,0,1,1213,8,8,100,0,0
"Roque Mesa","Valladolid","ESP","MF",NA,31,44,106,45,713,927,76.9,318,352,90.3,83,159,52.2,292,357,81.8,16,18,5,844,79,43,4,18,55,1,32,4,1126,42,34,81,8,19
"Rubén Alcaraz","Valladolid","ESP","MF",NA,29,25,107,21,930,1131,82.2,384,433,88.7,157,237,66.2,371,404,91.8,9,11,3,1076,48,43,0,39,10,5,0,7,1383,19,14,73.7,5,26.3
"Rubén Duarte","Alavés","ESP","DF",NA,24,27,111,54,938,1348,69.6,468,541,86.5,119,279,42.7,335,468,71.6,29,27,11,1029,315,55,1,11,110,240,20,4,1661,13,5,38.5,8,61.5
"Rubén García","Osasuna","ESP","MF","FW",27,40,98,197,778,1210,64.3,389,507,76.7,120,234,51.3,239,361,66.2,53,37,19,1063,140,50,0,37,162,27,57,7,1530,47,25,53.2,22,46.8
"Rubén Peña","Villarreal","ESP","DF",NA,29,40,34,88,443,595,74.5,243,291,83.5,23,56,41.1,153,196,78.1,6,10,5,498,93,13,0,1,39,79,1,4,741,47,30,63.8,17,36.2
"Rubén Rochina","Levante","ESP","MF",NA,29,26,113,59,613,853,71.9,265,310,85.5,114,221,51.6,215,276,77.9,16,31,6,781,66,32,0,27,57,4,22,6,1055,39,30,76.9,9,23.1
"Rubén Sobrino","Valencia","ESP","MF","FW",28,2,0,1,14,21,66.7,11,13,84.6,2,2,100,1,3,33.3,0,0,0,21,0,0,1,0,0,0,0,0,27,1,0,0,1,100
"Rubén Sobrino","Valencia","ESP","MF","FW",28,2,0,1,14,21,66.7,11,13,84.6,2,2,100,1,3,33.3,0,0,0,21,0,0,1,0,0,0,0,0,416,33,17,51.5,16,48.5
"Rubén Sobrino","Cádiz","ESP","FW","MF",28,21,30,39,14,21,66.7,11,13,84.6,2,2,100,1,3,33.3,0,0,0,21,0,0,1,0,0,0,0,0,27,1,0,0,1,100
"Rubén Sobrino","Cádiz","ESP","FW","MF",28,21,30,39,14,21,66.7,11,13,84.6,2,2,100,1,3,33.3,0,0,0,21,0,0,1,0,0,0,0,0,416,33,17,51.5,16,48.5
"Rubén Sobrino","Valencia","ESP","MF","FW",28,2,0,1,185,257,72,117,149,78.5,12,16,75,46,69,66.7,10,4,1,249,6,2,0,1,9,1,0,2,27,1,0,0,1,100
"Rubén Sobrino","Valencia","ESP","MF","FW",28,2,0,1,185,257,72,117,149,78.5,12,16,75,46,69,66.7,10,4,1,249,6,2,0,1,9,1,0,2,416,33,17,51.5,16,48.5
"Rubén Sobrino","Valencia","ESP","MF","FW",28,2,0,1,14,21,66.7,11,13,84.6,2,2,100,1,3,33.3,0,0,0,249,6,2,0,1,9,1,0,2,27,1,0,0,1,100
"Rubén Sobrino","Valencia","ESP","MF","FW",28,2,0,1,14,21,66.7,11,13,84.6,2,2,100,1,3,33.3,0,0,0,249,6,2,0,1,9,1,0,2,416,33,17,51.5,16,48.5
"Rubén Sobrino","Cádiz","ESP","FW","MF",28,21,30,39,185,257,72,117,149,78.5,12,16,75,46,69,66.7,10,4,1,21,0,0,1,0,0,0,0,0,27,1,0,0,1,100
"Rubén Sobrino","Cádiz","ESP","FW","MF",28,21,30,39,185,257,72,117,149,78.5,12,16,75,46,69,66.7,10,4,1,21,0,0,1,0,0,0,0,0,416,33,17,51.5,16,48.5
"Rubén Sobrino","Cádiz","ESP","FW","MF",28,21,30,39,185,257,72,117,149,78.5,12,16,75,46,69,66.7,10,4,1,249,6,2,0,1,9,1,0,2,27,1,0,0,1,100
"Rubén Sobrino","Cádiz","ESP","FW","MF",28,21,30,39,185,257,72,117,149,78.5,12,16,75,46,69,66.7,10,4,1,249,6,2,0,1,9,1,0,2,416,33,17,51.5,16,48.5
"Rubén Sobrino","Valencia","ESP","MF","FW",28,2,0,1,185,257,72,117,149,78.5,12,16,75,46,69,66.7,10,4,1,21,0,0,1,0,0,0,0,0,27,1,0,0,1,100
"Rubén Sobrino","Valencia","ESP","MF","FW",28,2,0,1,185,257,72,117,149,78.5,12,16,75,46,69,66.7,10,4,1,21,0,0,1,0,0,0,0,0,416,33,17,51.5,16,48.5
"Rubén Sobrino","Cádiz","ESP","FW","MF",28,21,30,39,14,21,66.7,11,13,84.6,2,2,100,1,3,33.3,0,0,0,249,6,2,0,1,9,1,0,2,27,1,0,0,1,100
"Rubén Sobrino","Cádiz","ESP","FW","MF",28,21,30,39,14,21,66.7,11,13,84.6,2,2,100,1,3,33.3,0,0,0,249,6,2,0,1,9,1,0,2,416,33,17,51.5,16,48.5
"Rúben Vezo","Levante","POR","DF",NA,26,25,111,6,1131,1358,83.3,353,394,89.6,179,269,66.5,594,670,88.7,3,5,0,1274,82,72,0,29,5,9,0,2,1614,14,10,71.4,4,28.6
"Sabit Abdulai","Getafe","GHA","MF",NA,21,0,1,2,7,14,50,2,5,40,1,3,33.3,4,4,100,0,1,0,14,0,0,0,1,1,0,0,0,19,2,1,50,1,50
"Saidy Janko","Valladolid","GAM","DF",NA,24,30,33,64,436,598,72.9,236,275,85.8,32,78,41,153,197,77.7,9,12,8,470,127,1,0,2,46,126,0,1,746,27,20,74.1,7,25.9
"Salvi","Cádiz","ESP","MF","FW",29,51,29,131,323,594,54.4,175,234,74.8,26,98,26.5,94,171,55,18,20,15,501,91,14,0,1,141,51,26,2,785,33,12,36.4,21,63.6
"Samuel Chukwueze","Villarreal","NGA","MF","FW",21,84,53,177,395,531,74.4,200,254,78.7,16,36,44.4,156,193,80.8,29,30,3,514,15,1,3,4,26,6,7,2,728,79,39,49.4,40,50.6
"Samuel Umtiti","Barcelona","FRA","DF",NA,26,6,24,0,579,617,93.8,242,253,95.7,33,43,76.7,288,302,95.4,1,0,0,603,14,12,0,0,0,2,0,0,669,1,1,100,0,0
"Sandro Ramírez","Huesca","ESP","FW",NA,25,31,24,74,246,326,75.5,132,159,83,23,31,74.2,78,98,79.6,10,5,2,294,28,7,0,4,20,2,0,4,482,44,20,45.5,24,54.5
"Santi Mina","Celta Vigo","ESP","FW",NA,24,17,40,135,438,617,71,284,366,77.6,20,32,62.5,89,134,66.4,15,6,0,593,22,1,0,6,9,6,0,2,885,25,10,40,15,60
"Saúl Ñíguez","Atlético Madrid","ESP","MF","DF",25,19,82,93,976,1180,82.7,575,655,87.8,42,64,65.6,292,357,81.8,23,20,2,1132,43,9,3,4,25,32,0,5,1433,20,16,80,4,20
"Sergi Enrich","Eibar","ESP","FW",NA,30,14,40,91,338,450,75.1,210,260,80.8,21,29,72.4,77,100,77,16,7,2,424,22,0,0,6,8,1,0,4,637,15,7,46.7,8,53.3
"Sergi Guardiola","Valladolid","ESP","FW",NA,29,37,34,126,343,532,64.5,219,303,72.3,28,47,59.6,66,101,65.3,11,9,3,518,12,1,3,9,29,1,0,2,751,46,25,54.3,21,45.7
"Sergi Roberto","Barcelona","ESP","DF","FW",28,23,51,91,795,888,89.5,488,521,93.7,28,38,73.7,227,246,92.3,13,16,3,800,85,12,0,0,13,73,0,3,965,9,8,88.9,1,11.1
"Sergiño Dest","Barcelona","USA","DF","FW",19,74,76,218,1142,1294,88.3,780,832,93.8,21,40,52.5,264,297,88.9,23,30,4,1148,144,4,1,0,37,140,0,2,1501,60,29,48.3,31,51.7
"Sergio Álvarez","Eibar","ESP","MF","DF",28,9,49,15,531,698,76.1,199,257,77.4,72,114,63.2,244,288,84.7,6,2,1,681,16,14,0,8,9,2,0,1,869,10,8,80,2,20
"Sergio Arribas","Real Madrid","ESP","MF","FW",18,8,8,13,72,89,80.9,47,50,94,3,4,75,20,24,83.3,1,3,0,86,2,0,1,0,1,2,0,1,104,6,6,100,0,0
"Sergio Busquets","Barcelona","ESP","MF",NA,32,25,254,29,2453,2691,91.2,1225,1298,94.4,161,205,78.5,925,996,92.9,30,30,0,2593,95,92,13,9,3,3,0,3,2903,9,8,88.9,1,11.1
"Sergio Canales","Betis","ESP","MF","FW",29,102,200,127,1497,1779,84.1,659,731,90.2,211,300,70.3,545,619,88,59,47,12,1645,128,61,1,41,103,15,46,6,1967,43,32,74.4,11,25.6
"Sergio Carreira","Celta Vigo","ESP","DF",NA,19,0,6,14,89,121,73.6,55,64,85.9,5,11,45.5,27,38,71.1,1,2,0,97,24,0,0,0,6,24,0,0,144,1,0,0,1,100
"Sergio Escudero","Sevilla","ESP","DF",NA,30,8,22,32,340,401,84.8,181,195,92.8,21,41,51.2,129,148,87.2,6,9,4,328,71,16,1,3,21,50,5,2,451,4,2,50,2,50
"Sergio Gómez","Huesca","ESP","MF","FW",19,22,34,57,321,447,71.8,177,198,89.4,26,71,36.6,104,142,73.2,15,7,3,367,76,21,1,4,71,35,20,4,569,27,18,66.7,9,33.3
"Sergio Herrera","Osasuna","ESP","GK",NA,27,0,1,0,613,1156,53,38,38,100,453,981,46.2,122,131,93.1,1,2,0,729,422,163,0,3,0,0,0,5,1257,1,1,100,0,0
"Sergio León","Levante","ESP","FW",NA,31,6,11,42,96,140,68.6,63,76,82.9,2,11,18.2,28,36,77.8,6,4,0,130,8,0,0,0,3,0,0,2,231,10,1,10,9,90
"Sergio Postigo","Levante","ESP","DF",NA,31,9,58,3,720,874,82.4,252,270,93.3,109,201,54.2,354,386,91.7,3,4,2,813,61,59,2,8,2,2,0,0,1043,3,3,100,0,0
"Sergio Ramos","Real Madrid","ESP","DF",NA,34,21,98,2,1019,1112,91.6,334,356,93.8,174,201,86.6,493,514,95.9,4,2,1,1084,25,21,0,37,2,4,0,3,1224,7,5,71.4,2,28.6
"Shinji Okazaki","Huesca","JPN","FW","MF",34,8,12,46,129,174,74.1,69,88,78.4,4,6,66.7,41,49,83.7,6,1,0,155,19,0,0,0,5,0,0,0,282,10,4,40,6,60
"Shon Weissman","Valladolid","ISR","FW",NA,24,17,22,73,246,340,72.4,164,199,82.4,6,7,85.7,50,68,73.5,19,11,0,294,46,0,2,1,8,1,0,0,521,17,8,47.1,9,52.9
"Sidnei","Betis","BRA","DF",NA,30,4,8,1,472,522,90.4,169,176,96,49,67,73.1,239,257,93,0,1,0,504,18,17,0,2,1,0,0,0,599,2,1,50,1,50
"Šime Vrsaljko","Atlético Madrid","CRO","FW","DF",28,13,24,39,212,323,65.6,119,137,86.9,9,36,25,80,127,63,0,7,2,251,68,0,0,1,25,68,0,4,390,2,1,50,1,50
"Son","Levante","ESP","DF","MF",26,23,62,104,480,641,74.9,250,295,84.7,47,91,51.6,173,211,82,18,26,14,500,141,11,0,4,54,124,5,0,761,18,12,66.7,6,33.3
"Stefan Savić","Atlético Madrid","MNE","DF",NA,29,30,103,2,1487,1752,84.9,573,631,90.8,155,256,60.5,724,795,91.1,2,5,1,1692,56,51,2,11,3,5,0,4,2015,6,6,100,0,0
"Stephane Keller","Alavés","CMR","DF",NA,18,0,1,0,11,13,84.6,4,5,80,1,2,50,6,6,100,0,0,0,13,0,0,0,0,0,0,0,0,15,1,0,0,1,100
"Suso","Sevilla","ESP","FW",NA,26,69,170,196,977,1209,80.8,516,556,92.8,99,164,60.4,315,391,80.6,44,58,16,1140,64,22,5,39,101,11,27,5,1404,69,58,84.1,11,15.9
"Takashi Inui","Eibar","JPN","MF","FW",32,59,55,119,353,531,66.5,194,229,84.7,33,84,39.3,109,161,67.7,14,16,10,499,31,3,1,10,87,19,1,1,757,63,26,41.3,37,58.7
"Takefusa Kubo","Getafe","JPN","MF","FW",19,21,25,57,99,136,72.8,50,62,80.6,9,18,50,30,40,75,10,7,0,200,14,5,0,1,28,1,8,1,336,34,15,44.1,19,55.9
"Takefusa Kubo","Getafe","JPN","MF","FW",19,21,25,57,99,136,72.8,50,62,80.6,9,18,50,30,40,75,10,7,0,200,14,5,0,1,28,1,8,1,186,16,12,75,4,25
"Takefusa Kubo","Villarreal","JPN","MF","FW",19,18,15,31,148,215,68.8,92,110,83.6,5,19,26.3,43,58,74.1,9,6,0,129,7,3,0,1,10,0,4,0,336,34,15,44.1,19,55.9
"Takefusa Kubo","Villarreal","JPN","MF","FW",19,18,15,31,148,215,68.8,92,110,83.6,5,19,26.3,43,58,74.1,9,6,0,129,7,3,0,1,10,0,4,0,186,16,12,75,4,25
"Takefusa Kubo","Getafe","JPN","MF","FW",19,21,25,57,148,215,68.8,92,110,83.6,5,19,26.3,43,58,74.1,9,6,0,129,7,3,0,1,10,0,4,0,336,34,15,44.1,19,55.9
"Takefusa Kubo","Getafe","JPN","MF","FW",19,21,25,57,148,215,68.8,92,110,83.6,5,19,26.3,43,58,74.1,9,6,0,129,7,3,0,1,10,0,4,0,186,16,12,75,4,25
"Takefusa Kubo","Getafe","JPN","MF","FW",19,21,25,57,99,136,72.8,50,62,80.6,9,18,50,30,40,75,10,7,0,129,7,3,0,1,10,0,4,0,336,34,15,44.1,19,55.9
"Takefusa Kubo","Getafe","JPN","MF","FW",19,21,25,57,99,136,72.8,50,62,80.6,9,18,50,30,40,75,10,7,0,129,7,3,0,1,10,0,4,0,186,16,12,75,4,25
"Takefusa Kubo","Villarreal","JPN","MF","FW",19,18,15,31,148,215,68.8,92,110,83.6,5,19,26.3,43,58,74.1,9,6,0,200,14,5,0,1,28,1,8,1,336,34,15,44.1,19,55.9
"Takefusa Kubo","Villarreal","JPN","MF","FW",19,18,15,31,148,215,68.8,92,110,83.6,5,19,26.3,43,58,74.1,9,6,0,200,14,5,0,1,28,1,8,1,186,16,12,75,4,25
"Takefusa Kubo","Villarreal","JPN","MF","FW",19,18,15,31,99,136,72.8,50,62,80.6,9,18,50,30,40,75,10,7,0,200,14,5,0,1,28,1,8,1,336,34,15,44.1,19,55.9
"Takefusa Kubo","Villarreal","JPN","MF","FW",19,18,15,31,99,136,72.8,50,62,80.6,9,18,50,30,40,75,10,7,0,200,14,5,0,1,28,1,8,1,186,16,12,75,4,25
"Takefusa Kubo","Villarreal","JPN","MF","FW",19,18,15,31,99,136,72.8,50,62,80.6,9,18,50,30,40,75,10,7,0,129,7,3,0,1,10,0,4,0,336,34,15,44.1,19,55.9
"Takefusa Kubo","Villarreal","JPN","MF","FW",19,18,15,31,99,136,72.8,50,62,80.6,9,18,50,30,40,75,10,7,0,129,7,3,0,1,10,0,4,0,186,16,12,75,4,25
"Takefusa Kubo","Getafe","JPN","MF","FW",19,21,25,57,148,215,68.8,92,110,83.6,5,19,26.3,43,58,74.1,9,6,0,200,14,5,0,1,28,1,8,1,336,34,15,44.1,19,55.9
"Takefusa Kubo","Getafe","JPN","MF","FW",19,21,25,57,148,215,68.8,92,110,83.6,5,19,26.3,43,58,74.1,9,6,0,200,14,5,0,1,28,1,8,1,186,16,12,75,4,25
"Tete Morente","Elche","ESP","MF","FW",23,45,48,130,539,734,73.4,330,373,88.5,46,97,47.4,134,178,75.3,15,21,13,696,36,11,0,7,88,3,22,2,1007,75,45,60,30,40
"Thierry Correia","Valencia","POR","DF",NA,21,48,46,94,892,1217,73.3,425,505,84.2,83,164,50.6,359,467,76.9,18,21,13,977,235,21,2,8,62,214,0,5,1480,45,27,60,18,40
"Thomas Lemar","Atlético Madrid","FRA","MF",NA,24,37,78,102,643,806,79.8,335,372,90.1,63,98,64.3,200,249,80.3,21,17,3,743,59,12,2,7,70,10,34,4,962,49,42,85.7,7,14.3
"Thomas Partey","Atlético Madrid","GHA","MF",NA,27,4,26,3,197,223,88.3,80,89,89.9,26,35,74.3,81,89,91,0,4,1,220,3,1,1,3,3,0,2,0,244,8,7,87.5,1,12.5
"Tomás Pina Isla","Alavés","ESP","MF",NA,32,11,94,9,752,918,81.9,417,485,86,33,62,53.2,284,324,87.7,7,4,1,905,11,10,0,3,6,1,0,2,1157,19,15,78.9,4,21.1
"Toni Kroos","Real Madrid","GER","MF",NA,30,43,269,47,1934,2162,89.5,859,897,95.8,322,427,75.4,663,714,92.9,67,34,2,1919,234,109,8,68,126,6,119,9,2316,18,16,88.9,2,11.1
"Toni Lato","Valencia","ESP","DF",NA,22,6,19,30,276,362,76.2,117,136,86,22,50,44,132,160,82.5,3,2,2,298,61,5,0,1,11,55,0,3,436,7,3,42.9,4,57.1
"Toni Villa","Valladolid","ESP","MF","FW",25,35,54,67,272,380,71.6,144,173,83.2,25,45,55.6,88,117,75.2,13,13,7,355,22,4,1,3,27,9,4,3,558,48,23,47.9,25,52.1
"Toño","Levante","ESP","DF","FW",30,15,28,39,324,406,79.8,201,223,90.1,14,32,43.8,95,118,80.5,6,6,2,337,67,9,0,3,22,58,0,2,471,13,8,61.5,5,38.5
"Unai García","Osasuna","ESP","DF",NA,28,4,35,1,329,434,75.8,78,95,82.1,59,109,54.1,192,223,86.1,3,2,0,406,27,26,0,14,4,1,0,1,547,5,5,100,0,0
"Unai López","Athletic Club","ESP","MF",NA,24,25,97,14,850,1024,83,352,392,89.8,148,208,71.2,309,355,87,18,18,3,945,71,40,0,20,33,2,16,8,1176,22,15,68.2,7,31.8
"Unai Núñez","Athletic Club","ESP","DF",NA,23,10,65,1,988,1193,82.8,259,295,87.8,177,262,67.6,547,611,89.5,6,2,0,1152,38,33,1,26,1,5,0,3,1422,8,6,75,2,25
"Unai Simón","Athletic Club","ESP","GK",NA,23,0,2,0,743,1062,70,114,115,99.1,303,614,49.3,326,333,97.9,1,1,0,697,365,102,0,2,0,0,0,0,1111,1,1,100,0,0
"Unai Vencedor Paris","Athletic Club","ESP","MF",NA,19,7,122,9,729,925,78.8,261,305,85.6,116,179,64.8,340,397,85.6,7,8,0,881,41,39,1,13,9,1,1,3,1063,8,8,100,0,0
"Uroš Račić","Valencia","SRB","MF",NA,22,22,104,16,835,1055,79.1,337,420,80.2,134,179,74.9,337,388,86.9,10,6,1,1040,13,11,4,23,4,2,0,2,1303,35,24,68.6,11,31.4
"Vicente Esquerdo","Valencia","ESP","MF",NA,21,0,4,3,81,99,81.8,35,37,94.6,10,14,71.4,29,37,78.4,2,1,1,96,2,1,0,3,3,1,0,1,130,4,2,50,2,50
"Vicente Iborra","Villarreal","ESP","MF",NA,32,3,34,4,539,601,89.7,245,261,93.9,61,70,87.1,212,230,92.2,2,4,0,584,14,14,0,4,0,0,0,3,687,5,4,80,1,20
"Víctor Chust","Real Madrid","ESP","DF",NA,20,0,4,0,68,76,89.5,17,18,94.4,7,10,70,44,48,91.7,0,0,0,73,3,2,0,0,0,1,0,0,89,1,0,0,1,100
"Víctor Díaz","Granada","ESP","DF",NA,32,8,32,9,258,391,66,108,127,85,34,89,38.2,112,155,72.3,8,5,4,298,91,13,0,2,33,74,4,2,495,5,1,20,4,80
"Victor Mollejo","Getafe","ESP","MF","DF",19,3,2,8,24,36,66.7,20,24,83.3,0,1,0,4,10,40,2,0,0,33,3,0,0,0,0,3,0,0,45,4,2,50,2,50
"Víctor Rodríguez","Elche","ESP","MF",NA,31,9,25,7,297,328,90.5,151,165,91.5,19,20,95,113,123,91.9,4,2,0,316,12,11,1,0,4,0,1,0,360,2,1,50,1,50
"Víctor Ruiz","Betis","ESP","DF",NA,31,13,76,3,1121,1301,86.2,404,447,90.4,106,178,59.6,594,642,92.5,2,5,0,1240,59,52,1,6,0,5,0,2,1487,7,6,85.7,1,14.3
"Vinicius Júnior","Real Madrid","BRA","FW",NA,20,127,54,283,657,795,82.6,432,475,90.9,21,38,55.3,147,182,80.8,33,29,3,775,17,2,2,4,39,14,1,3,1108,81,44,54.3,36,44.4
"Vitolo","Atlético Madrid","ESP","MF","FW",30,7,17,33,129,154,83.8,91,104,87.5,4,9,44.4,20,23,87,3,3,0,148,5,1,0,2,1,4,0,1,186,4,2,50,2,50
"Waldo Rubio","Valladolid","ESP","FW","MF",24,12,12,17,78,122,63.9,38,48,79.2,11,19,57.9,27,37,73,1,3,0,118,4,0,1,3,9,4,0,0,170,11,5,45.5,6,54.5
"William Carvalho","Betis","POR","MF",NA,28,10,101,19,812,965,84.1,397,442,89.8,86,126,68.3,303,344,88.1,9,9,0,943,20,20,3,10,4,0,0,2,1079,24,18,75,6,25
"Willian José","Real Sociedad","BRA","FW",NA,28,3,19,29,178,240,74.2,86,111,77.5,26,34,76.5,56,65,86.2,8,5,1,218,19,1,1,12,6,1,0,3,296,5,2,40,3,60
"Xabier Etxeita","Getafe","ESP","DF",NA,32,2,25,1,198,319,62.1,47,65,72.3,37,104,35.6,113,136,83.1,1,0,0,302,15,15,0,7,0,0,0,2,406,2,1,50,1,50
"Ximo Navarro","Alavés","ESP","DF",NA,30,28,59,27,802,1077,74.5,365,442,82.6,92,157,58.6,330,430,76.7,8,12,8,800,275,32,0,11,43,243,0,2,1371,29,16,55.2,13,44.8
"Yan Brice Eteki","Granada","CMR","MF",NA,22,0,24,9,274,357,76.8,130,150,86.7,17,34,50,118,146,80.8,4,2,0,348,7,6,0,2,3,1,0,2,480,11,9,81.8,2,18.2
"Yangel Herrera","Granada","VEN","MF",NA,22,13,117,36,588,883,66.6,302,412,73.3,34,79,43,224,312,71.8,11,5,1,878,4,3,1,5,11,0,0,1,1189,37,21,56.8,16,43.2
"Yann Bodiger","Cádiz","FRA","MF",NA,25,4,8,5,65,94,69.1,29,38,76.3,5,12,41.7,29,35,82.9,2,0,0,92,1,0,0,0,2,0,1,1,130,3,0,0,3,100
"Yannick Carrasco","Atlético Madrid","BEL","DF","MF",26,146,86,212,743,1010,73.6,470,540,87,32,102,31.4,179,261,68.6,47,46,5,863,138,37,6,5,111,44,57,9,1333,120,66,55,54,45
"Yassine Bounou","Sevilla","MAR","GK",NA,29,0,0,0,862,1096,78.6,122,123,99.2,288,514,56,451,455,99.1,1,0,0,826,269,69,0,2,0,0,0,1,1159,1,1,100,0,0
"Yeray Álvarez","Athletic Club","ESP","DF",NA,25,19,65,2,907,1107,81.9,301,349,86.2,151,226,66.8,441,485,90.9,6,3,2,1049,54,51,0,26,5,3,0,4,1294,12,11,91.7,1,8.3
"Yeremi Pino","Villarreal","ESP","FW","MF",17,35,30,106,242,307,78.8,157,178,88.2,12,16,75,60,80,75,9,13,0,304,3,0,4,1,10,3,0,0,449,45,28,62.2,17,37.8
"Yoshinori Mutō","Eibar","JPN","FW","MF",28,14,21,71,151,230,65.7,100,124,80.6,6,13,46.2,29,59,49.2,11,3,0,219,10,0,1,1,9,3,0,1,355,23,15,65.2,8,34.8
"Youssef En-Nesyri","Sevilla","MAR","FW",NA,23,29,13,114,260,396,65.7,171,219,78.1,11,23,47.8,59,102,57.8,14,1,0,361,32,0,0,2,13,3,0,3,679,36,15,41.7,21,58.3
"Youssouf Koné","Elche","MLI","DF","MF",25,0,1,5,24,29,82.8,13,14,92.9,1,1,100,7,10,70,0,0,0,18,11,0,0,1,1,11,0,0,39,2,1,50,1,50
"Yunus Musah","Valencia","USA","MF",NA,17,43,20,89,314,431,72.9,191,231,82.7,15,27,55.6,89,136,65.4,8,12,3,421,8,1,0,3,16,5,2,2,628,53,33,62.3,20,37.7
"Yuri Berchiche","Athletic Club","ESP","DF",NA,30,55,98,105,909,1132,80.3,464,524,88.5,82,121,67.8,330,395,83.5,17,32,13,895,233,34,1,21,76,199,0,4,1294,35,17,48.6,18,51.4
